ID,first_name,last_name,user_name,password,email,NRIC,contact,years_of_experience,academic_1,academic_2,academic_3,academic_4,academic_5
,Morris,Robin,MorrisRobin,*MorrisRobin*321!,morris_Robin@msn.com,S8103215F,96300978,22,Professional Certification,,,,
,Luka,Craig,LukaCraig,*LukaCraig*321!,luka_Craig@huawei.com,S9031188X,99469969,18,Master,,,,
,Joshua,Connor,JoshuaConnor,*JoshuaConnor*321!,joshua_Connor@hotmail.com,S7310988K,86016300,26,Professional Certification,,,,
,Clarence,Ron,ClarenceRon,*ClarenceRon*321!,clarence_Ron@yahoo.com,S9139360V,89926486,5,Bachelor,,,,
,Glen,Ricardo,GlenRicardo,*GlenRicardo*321!,glen_Ricardo@yahoo.com,S9432250K,99548265,2,PhD,,,,
,Miles,Romeo,MilesRomeo,*MilesRomeo*321!,miles_Romeo@msn.com,S9212213J,94392864,20,Professional Certification,,,,
,Victor,Johnny,VictorJohnny,*VictorJohnny*321!,victor_Johnny@msn.com,S9633162H,98799356,15,Professional Certification,,,,
,Clarence,Orlando,ClarenceOrlando,*ClarenceOrlando*321!,clarence_Orlando@alibaba.com,S9638798E,94515029,7,Professional Certification,,,,
,Ted,George,TedGeorge,*TedGeorge*321!,ted_George@hotmail.com,S9005467H,82297983,15,Bachelor,,,,
,Robin,Adrian,RobinAdrian,*RobinAdrian*321!,robin_Adrian@yahoo.com,S8909064R,82784075,25,PhD,,,,
,Aidan,Perry,AidanPerry,*AidanPerry*321!,aidan_Perry@yahoo.com,S8314345P,80680693,5,Diploma,,,,
,Perry,Craig,PerryCraig,*PerryCraig*321!,perry_Craig@hotmail.com,S9221525Y,99632541,4,PhD,,,,
,Harvey,Joey,HarveyJoey,*HarveyJoey*321!,harvey_Joey@yahoo.com,S8425332C,92888178,13,Diploma,,,,
,Dave,Samuel,DaveSamuel,*DaveSamuel*321!,dave_Samuel@msn.com,T0009376D,90471446,28,Bachelor,,,,
,Hunter,Kingston,HunterKingston,*HunterKingston*321!,hunter_Kingston@huawei.com,S8224368N,94005184,23,Master,,,,
,Jessie,Johnny,JessieJohnny,*JessieJohnny*321!,jessie_Johnny@hotmail.com,S9227360K,92887312,29,PhD,,,,
,Benjamin,Wiley,BenjaminWiley,*BenjaminWiley*321!,benjamin_Wiley@alibaba.com,S8305990G,99618421,9,Master,,,,
,Keith,Victor,KeithVictor,*KeithVictor*321!,keith_Victor@msn.com,S8432295T,82765493,29,Diploma,,,,
,Nick,Greyson,NickGreyson,*NickGreyson*321!,nick_Greyson@alibaba.com,S9306020Q,91634541,19,Master,,,,
,Martin,Tommy,MartinTommy,*MartinTommy*321!,martin_Tommy@hotmail.com,S8629428M,86431670,15,Master,,,,
,Charlie,Clarence,CharlieClarence,*CharlieClarence*321!,charlie_Clarence@huawei.com,S8910284V,87050360,14,Master,,,,
,Lewis,Gerald,LewisGerald,*LewisGerald*321!,lewis_Gerald@gmail.com,S7606641W,95562444,18,Master,,,,
,Riley,Blake,RileyBlake,*RileyBlake*321!,riley_Blake@yahoo.com,S8400102Y,94968532,11,Professional Certification,,,,
,Joey,Marlin,JoeyMarlin,*JoeyMarlin*321!,joey_Marlin@yahoo.com,S8703886T,80720325,19,Diploma,,,,
,Arthur,Hunter,ArthurHunter,*ArthurHunter*321!,arthur_Hunter@huawei.com,S7337237A,96404794,29,Diploma,,,,
,Sandy,Alexis,SandyAlexis,*SandyAlexis*321!,sandy_Alexis@gmail.com,S7522778G,86335617,5,Bachelor,,,,
,Johnny,Joey,JohnnyJoey,*JohnnyJoey*321!,johnny_Joey@msn.com,S7928249S,94183849,16,Bachelor,,,,
,Carlos,Ethan,CarlosEthan,*CarlosEthan*321!,carlos_Ethan@alibaba.com,S9317590J,91317775,6,Professional Certification,,,,
,Marshall,Liam,MarshallLiam,*MarshallLiam*321!,marshall_Liam@msn.com,S9920987Y,98332555,21,PhD,,,,
,Keith,Johnny,KeithJohnny,*KeithJohnny*321!,keith_Johnny@gmail.com,S7709812X,85281356,20,Bachelor,,,,
,Claude,Seth,ClaudeSeth,*ClaudeSeth*321!,claude_Seth@alibaba.com,S7331420X,85139134,20,PhD,,,,
,Paul,Wade,PaulWade,*PaulWade*321!,paul_Wade@hotmail.com,S8835654H,88705222,29,PhD,,,,
,Alberto,Joey,AlbertoJoey,*AlbertoJoey*321!,alberto_Joey@alibaba.com,S9029224T,85040837,25,Master,,,,
,Blake,Miles,BlakeMiles,*BlakeMiles*321!,blake_Miles@alibaba.com,S7320272G,91099591,27,PhD,,,,
,Jaime,Glen,JaimeGlen,*JaimeGlen*321!,jaime_Glen@alibaba.com,S9510536X,82931302,27,Bachelor,,,,
,Neil,Ramon,NeilRamon,*NeilRamon*321!,neil_Ramon@alibaba.com,S6904520P,83395822,18,Master,,,,
,Marshall,Jorge,MarshallJorge,*MarshallJorge*321!,marshall_Jorge@huawei.com,S8836191E,96169698,7,Diploma,,,,
,Benjamin,Blake,BenjaminBlake,*BenjaminBlake*321!,benjamin_Blake@yahoo.com,S8923870V,94856586,10,Master,,,,
,Samuel,Victor,SamuelVictor,*SamuelVictor*321!,samuel_Victor@msn.com,S8929239N,94633112,29,Diploma,,,,
,Nick,Antonio,NickAntonio,*NickAntonio*321!,nick_Antonio@msn.com,S9926511R,99972993,10,Master,,,,
,Robin,Luka,RobinLuka,*RobinLuka*321!,robin_Luka@msn.com,T0026703C,97797583,24,PhD,,,,
,Samuel,Seth,SamuelSeth,*SamuelSeth*321!,samuel_Seth@alibaba.com,S9208955R,89635450,22,PhD,,,,
,Paul,Antonio,PaulAntonio,*PaulAntonio*321!,paul_Antonio@yahoo.com,S8100832W,94141909,2,Diploma,,,,
,Ramon,Romeo,RamonRomeo,*RamonRomeo*321!,ramon_Romeo@yahoo.com,S7313823R,87384619,4,PhD,,,,
,Stuart,Paul,StuartPaul,*StuartPaul*321!,stuart_Paul@gmail.com,S8812257H,81202503,9,Master,,,,
,Marlin,Ethan,MarlinEthan,*MarlinEthan*321!,marlin_Ethan@hotmail.com,T0024071J,98098106,14,PhD,,,,
,Harold,Harold,HaroldHarold,*HaroldHarold*321!,harold_Harold@gmail.com,S7422282J,97556069,13,Bachelor,,,,
,Liam,Charlie,LiamCharlie,*LiamCharlie*321!,liam_Charlie@alibaba.com,S7736874E,86683939,29,Bachelor,,,,
,Terry,Harold,TerryHarold,*TerryHarold*321!,terry_Harold@hotmail.com,S6922991C,81576855,16,Diploma,,,,
,Kingston,Nathaniel,KingstonNathaniel,*KingstonNathaniel*321!,kingston_Nathaniel@huawei.com,S9807608O,95011012,23,Master,,,,
,Harvey,Ernest,HarveyErnest,*HarveyErnest*321!,harvey_Ernest@msn.com,S7927310J,84506599,14,Master,,,,
,Harvey,Claude,HarveyClaude,*HarveyClaude*321!,harvey_Claude@hotmail.com,S7431962M,88640123,27,PhD,,,,
,Peter,Claude,PeterClaude,*PeterClaude*321!,peter_Claude@alibaba.com,S7917960W,81047625,17,Diploma,,,,
,Clarence,Joshua,ClarenceJoshua,*ClarenceJoshua*321!,clarence_Joshua@hotmail.com,S7137643H,91981221,4,PhD,,,,
,Joe,Clark,JoeClark,*JoeClark*321!,joe_Clark@yahoo.com,S7003877S,83278469,22,Bachelor,,,,
,Clarence,Jerry,ClarenceJerry,*ClarenceJerry*321!,clarence_Jerry@hotmail.com,S6900251S,83109451,24,Master,,,,
,Marion,Marshall,MarionMarshall,*MarionMarshall*321!,marion_Marshall@gmail.com,S9625816F,90742105,17,Master,,,,
,Albert,Julian,AlbertJulian,*AlbertJulian*321!,albert_Julian@msn.com,S8703098G,89049746,22,Diploma,,,,
,Greyson,Lewis,GreysonLewis,*GreysonLewis*321!,greyson_Lewis@huawei.com,S7629940V,95610938,4,PhD,,,,
,Marlin,Alexis,MarlinAlexis,*MarlinAlexis*321!,marlin_Alexis@yahoo.com,S7517462I,88714089,2,PhD,,,,
,Paul,Joe,PaulJoe,*PaulJoe*321!,paul_Joe@hotmail.com,S9335359F,82247437,7,PhD,,,,
,Ron,Tommy,RonTommy,*RonTommy*321!,ron_Tommy@yahoo.com,S7406404A,84874296,10,Professional Certification,,,,
,Blake,Fred,BlakeFred,*BlakeFred*321!,blake_Fred@alibaba.com,S9700800S,99086476,22,PhD,,,,
,Liam,Roberto,LiamRoberto,*LiamRoberto*321!,liam_Roberto@hotmail.com,S8634451O,82803592,11,Master,,,,
,Mark,Ted,MarkTed,*MarkTed*321!,mark_Ted@yahoo.com,S8633405T,87718702,2,Master,,,,
,Orlando,Stefan,OrlandoStefan,*OrlandoStefan*321!,orlando_Stefan@msn.com,S9139985O,93647534,20,Master,,,,
,Hunter,Morris,HunterMorris,*HunterMorris*321!,hunter_Morris@alibaba.com,S8011538I,88751255,4,PhD,,,,
,Morris,Antonio,MorrisAntonio,*MorrisAntonio*321!,morris_Antonio@msn.com,S9228748S,84248064,29,Diploma,,,,
,Julian,George,JulianGeorge,*JulianGeorge*321!,julian_George@gmail.com,S9208638X,82913936,29,PhD,,,,
,Romeo,Wiley,RomeoWiley,*RomeoWiley*321!,romeo_Wiley@yahoo.com,S9635533M,89789573,3,Bachelor,,,,
,Peter,Everett,PeterEverett,*PeterEverett*321!,peter_Everett@hotmail.com,S9110491X,81439595,2,Master,,,,
,Charlie,Neil,CharlieNeil,*CharlieNeil*321!,charlie_Neil@msn.com,S9632296V,99363986,19,Professional Certification,,,,
,Jerry,Adrian,JerryAdrian,*JerryAdrian*321!,jerry_Adrian@msn.com,S7124208H,86038004,6,PhD,,,,
,Adrian,Keith,AdrianKeith,*AdrianKeith*321!,adrian_Keith@hotmail.com,S9935411F,81434237,14,Master,,,,
,Clarence,Hector,ClarenceHector,*ClarenceHector*321!,clarence_Hector@gmail.com,S9719215P,81437248,4,Professional Certification,,,,
,Jessie,Adrian,JessieAdrian,*JessieAdrian*321!,jessie_Adrian@yahoo.com,S8220423U,85596201,21,Diploma,,,,
,Benjamin,Everett,BenjaminEverett,*BenjaminEverett*321!,benjamin_Everett@hotmail.com,S7507517A,97105037,16,Bachelor,,,,
,Shane,Robin,ShaneRobin,*ShaneRobin*321!,shane_Robin@hotmail.com,S8404052X,82508352,25,Professional Certification,,,,
,Joshua,Miles,JoshuaMiles,*JoshuaMiles*321!,joshua_Miles@yahoo.com,T0038333A,94702195,19,Professional Certification,,,,
,Ivan,George,IvanGeorge,*IvanGeorge*321!,ivan_George@alibaba.com,S9102486L,90642662,18,Bachelor,,,,
,Sandy,Albert,SandyAlbert,*SandyAlbert*321!,sandy_Albert@alibaba.com,S8829641P,88453855,6,Master,,,,
,Paul,Jerry,PaulJerry,*PaulJerry*321!,paul_Jerry@alibaba.com,S9213088Q,82671882,12,PhD,,,,
,Jimmy,Liam,JimmyLiam,*JimmyLiam*321!,jimmy_Liam@hotmail.com,S9015083O,91846427,4,PhD,,,,
,Clark,Nick,ClarkNick,*ClarkNick*321!,clark_Nick@hotmail.com,S9732651H,95383697,9,Professional Certification,,,,
,Miles,Aaron,MilesAaron,*MilesAaron*321!,miles_Aaron@huawei.com,S8032790H,98399786,28,Master,,,,
,Blake,Arthur,BlakeArthur,*BlakeArthur*321!,blake_Arthur@yahoo.com,S8525601E,90782494,9,Diploma,,,,
,Victor,Aaron,VictorAaron,*VictorAaron*321!,victor_Aaron@msn.com,S8901409R,97477229,13,PhD,,,,
,Nathaniel,Aidan,NathanielAidan,*NathanielAidan*321!,nathaniel_Aidan@alibaba.com,S9305144K,99638707,7,Master,,,,
,Milton,Shawn,MiltonShawn,*MiltonShawn*321!,milton_Shawn@msn.com,S7501135T,98132932,6,Diploma,,,,
,Scott,Everett,ScottEverett,*ScottEverett*321!,scott_Everett@hotmail.com,S7232615J,81912962,12,Bachelor,,,,
,Everett,Ted,EverettTed,*EverettTed*321!,everett_Ted@yahoo.com,S7604624J,94050583,12,Master,,,,
,Liam,Aidan,LiamAidan,*LiamAidan*321!,liam_Aidan@yahoo.com,S8216834G,99942300,7,Diploma,,,,
,Keith,Marion,KeithMarion,*KeithMarion*321!,keith_Marion@msn.com,S7036903L,95788498,8,Master,,,,
,Joey,Ramon,JoeyRamon,*JoeyRamon*321!,joey_Ramon@alibaba.com,S7509769K,80882469,5,Professional Certification,,,,
,Glen,Liam,GlenLiam,*GlenLiam*321!,glen_Liam@msn.com,S7236183R,87889731,27,PhD,,,,
,Romeo,Joe,RomeoJoe,*RomeoJoe*321!,romeo_Joe@msn.com,S7234590F,86434712,6,Professional Certification,,,,
,Kingston,Bruce,KingstonBruce,*KingstonBruce*321!,kingston_Bruce@yahoo.com,S7804656K,82152152,4,Professional Certification,,,,
,Aaron,Terry,AaronTerry,*AaronTerry*321!,aaron_Terry@alibaba.com,S8838254I,84902814,5,Professional Certification,,,,
,Perry,Perry,PerryPerry,*PerryPerry*321!,perry_Perry@yahoo.com,S7539661S,92822552,12,Diploma,,,,
,Orlando,Paul,OrlandoPaul,*OrlandoPaul*321!,orlando_Paul@huawei.com,S9015520T,93374340,12,PhD,,,,
,Robin,Robin,RobinRobin,*RobinRobin*321!,robin_Robin@huawei.com,S8925914A,98570489,26,Bachelor,,,,
,Dan,Ricardo,DanRicardo,*DanRicardo*321!,dan_Ricardo@gmail.com,S9813281I,95288746,5,Master,,,,
,Adrian,Riley,AdrianRiley,*AdrianRiley*321!,adrian_Riley@yahoo.com,S7420415U,99147714,12,Master,,,,
,Aaron,Johnny,AaronJohnny,*AaronJohnny*321!,aaron_Johnny@yahoo.com,T0026525G,85426198,3,Master,,,,
,Robin,Christopher,RobinChristopher,*RobinChristopher*321!,robin_Christopher@alibaba.com,S9814195T,99588162,7,Master,,,,
,Terry,Tristin,TerryTristin,*TerryTristin*321!,terry_Tristin@msn.com,S7005797G,81641052,24,Diploma,,,,
,Stuart,Sebastian,StuartSebastian,*StuartSebastian*321!,stuart_Sebastian@alibaba.com,T0017326A,96875580,10,Diploma,,,,
,Rick,Liam,RickLiam,*RickLiam*321!,rick_Liam@hotmail.com,S7724966T,87875598,6,PhD,,,,
,Riley,Alberto,RileyAlberto,*RileyAlberto*321!,riley_Alberto@huawei.com,S8320281W,92242153,9,Professional Certification,,,,
,Adrian,Glen,AdrianGlen,*AdrianGlen*321!,adrian_Glen@gmail.com,S7130831J,80190045,20,PhD,,,,
,Everett,Romeo,EverettRomeo,*EverettRomeo*321!,everett_Romeo@yahoo.com,S8313414U,90144550,16,Professional Certification,,,,
,Johnny,Shawn,JohnnyShawn,*JohnnyShawn*321!,johnny_Shawn@gmail.com,S7500828K,87148510,29,Professional Certification,,,,
,Aaron,Bruce,AaronBruce,*AaronBruce*321!,aaron_Bruce@msn.com,S9739862D,94974726,15,Diploma,,,,
,Troy,Jerry,TroyJerry,*TroyJerry*321!,troy_Jerry@msn.com,S8420613R,98685496,13,PhD,,,,
,Ted,Marlin,TedMarlin,*TedMarlin*321!,ted_Marlin@alibaba.com,S7939193D,98484653,15,Bachelor,,,,
,Shane,Arthur,ShaneArthur,*ShaneArthur*321!,shane_Arthur@alibaba.com,S8237707Y,87517521,24,Professional Certification,,,,
,Cedric,Morris,CedricMorris,*CedricMorris*321!,cedric_Morris@alibaba.com,S6906358D,86818424,6,PhD,,,,
,Jerry,Nick,JerryNick,*JerryNick*321!,jerry_Nick@huawei.com,S7039723J,81442961,23,PhD,,,,
,Clark,Scott,ClarkScott,*ClarkScott*321!,clark_Scott@gmail.com,S8228888V,87279082,11,Bachelor,,,,
,Marshall,Ramon,MarshallRamon,*MarshallRamon*321!,marshall_Ramon@msn.com,S6930959W,82748101,19,Bachelor,,,,
,Jerry,Everett,JerryEverett,*JerryEverett*321!,jerry_Everett@alibaba.com,S9639450C,96322289,24,Bachelor,,,,
,Orlando,Eli,OrlandoEli,*OrlandoEli*321!,orlando_Eli@hotmail.com,S8406138G,86287560,26,Professional Certification,,,,
,Clarence,Troy,ClarenceTroy,*ClarenceTroy*321!,clarence_Troy@alibaba.com,T0018557U,95275992,17,Bachelor,,,,
,Orlando,Cedric,OrlandoCedric,*OrlandoCedric*321!,orlando_Cedric@yahoo.com,S7202887U,92961544,9,Bachelor,,,,
,Lewis,Douglas,LewisDouglas,*LewisDouglas*321!,lewis_Douglas@yahoo.com,S9226724W,82896062,9,Diploma,,,,
,Jorge,Shawn,JorgeShawn,*JorgeShawn*321!,jorge_Shawn@yahoo.com,T0025843J,98302201,3,Bachelor,,,,
,Scott,Milton,ScottMilton,*ScottMilton*321!,scott_Milton@huawei.com,S9804287V,89583632,18,Bachelor,,,,
,Noel,Hunter,NoelHunter,*NoelHunter*321!,noel_Hunter@alibaba.com,S9933342P,89007100,2,PhD,,,,
,Stefan,Glen,StefanGlen,*StefanGlen*321!,stefan_Glen@huawei.com,S7934624K,94637823,16,Bachelor,,,,
,Keith,Gilbert,KeithGilbert,*KeithGilbert*321!,keith_Gilbert@yahoo.com,S8213151Q,89203580,24,Diploma,,,,
,Ted,Eli,TedEli,*TedEli*321!,ted_Eli@msn.com,S8228347H,91365479,10,PhD,,,,
,Cedric,Brian,CedricBrian,*CedricBrian*321!,cedric_Brian@gmail.com,S7328154B,91064539,18,Master,,,,
,Fred,Rick,FredRick,*FredRick*321!,fred_Rick@hotmail.com,S8327725U,83489378,20,Professional Certification,,,,
,Joe,Joe,JoeJoe,*JoeJoe*321!,joe_Joe@gmail.com,S7906565H,92442560,25,Bachelor,,,,
,Antonio,Victor,AntonioVictor,*AntonioVictor*321!,antonio_Victor@msn.com,S8814343I,84487282,21,Professional Certification,,,,
,Noel,Mark,NoelMark,*NoelMark*321!,noel_Mark@alibaba.com,S9229023Y,91332454,13,Diploma,,,,
,Jerry,Paul,JerryPaul,*JerryPaul*321!,jerry_Paul@hotmail.com,S7419929H,98099187,17,PhD,,,,
,Joe,Paul,JoePaul,*JoePaul*321!,joe_Paul@huawei.com,S9134161J,98404395,27,Professional Certification,,,,
,Connor,Harold,ConnorHarold,*ConnorHarold*321!,connor_Harold@hotmail.com,S8408859K,93724127,1,Diploma,,,,
,Paul,Neil,PaulNeil,*PaulNeil*321!,paul_Neil@hotmail.com,S8010033J,96329495,1,Diploma,,,,
,Christopher,Robin,ChristopherRobin,*ChristopherRobin*321!,christopher_Robin@alibaba.com,S9205524O,97064741,3,Diploma,,,,
,Sebastian,Carlos,SebastianCarlos,*SebastianCarlos*321!,sebastian_Carlos@alibaba.com,S7333313J,86181192,8,Bachelor,,,,
,Peter,Paul,PeterPaul,*PeterPaul*321!,peter_Paul@hotmail.com,T0001821G,89805437,24,PhD,,,,
,Joe,Julian,JoeJulian,*JoeJulian*321!,joe_Julian@gmail.com,S7515151F,83192694,4,PhD,,,,
,Lewis,George,LewisGeorge,*LewisGeorge*321!,lewis_George@huawei.com,S6906226E,91026558,10,PhD,,,,
,Christopher,Bruce,ChristopherBruce,*ChristopherBruce*321!,christopher_Bruce@huawei.com,S9206749B,85726191,7,Diploma,,,,
,Wiley,Troy,WileyTroy,*WileyTroy*321!,wiley_Troy@yahoo.com,S7735719R,93793089,14,Diploma,,,,
,Jimmy,Philip,JimmyPhilip,*JimmyPhilip*321!,jimmy_Philip@yahoo.com,S8709108T,93943526,27,Diploma,,,,
,Harold,Lewis,HaroldLewis,*HaroldLewis*321!,harold_Lewis@msn.com,S7227163E,96874932,20,Master,,,,
,Brian,Philip,BrianPhilip,*BrianPhilip*321!,brian_Philip@hotmail.com,S8818894L,84484910,7,Professional Certification,,,,
,Eli,Miles,EliMiles,*EliMiles*321!,eli_Miles@gmail.com,S7115816T,89934796,15,Master,,,,
,Tommy,Clarence,TommyClarence,*TommyClarence*321!,tommy_Clarence@huawei.com,S7724476M,94670344,19,Diploma,,,,
,Troy,Ted,TroyTed,*TroyTed*321!,troy_Ted@huawei.com,S9101103O,95862277,27,Master,,,,
,Joe,Keith,JoeKeith,*JoeKeith*321!,joe_Keith@huawei.com,S9522931T,80603945,10,Diploma,,,,
,Sandy,Charlie,SandyCharlie,*SandyCharlie*321!,sandy_Charlie@yahoo.com,S7738978P,95837542,3,Bachelor,,,,
,Lewis,Antonio,LewisAntonio,*LewisAntonio*321!,lewis_Antonio@msn.com,S7602973C,85924474,9,PhD,,,,
,Julian,Joshua,JulianJoshua,*JulianJoshua*321!,julian_Joshua@msn.com,S7125886A,83607415,30,PhD,,,,
,Jorge,Joe,JorgeJoe,*JorgeJoe*321!,jorge_Joe@yahoo.com,S9616751V,92785094,10,Master,,,,
,Ramon,Dave,RamonDave,*RamonDave*321!,ramon_Dave@gmail.com,T0003160A,90923763,25,PhD,,,,
,Lewis,Greyson,LewisGreyson,*LewisGreyson*321!,lewis_Greyson@hotmail.com,S7537040C,97205431,18,Master,,,,
,Johnny,Riley,JohnnyRiley,*JohnnyRiley*321!,johnny_Riley@yahoo.com,S7509754A,84625121,24,Master,,,,
,Ethan,Claude,EthanClaude,*EthanClaude*321!,ethan_Claude@msn.com,S7226584Q,88991639,17,PhD,,,,
,Wiley,Aidan,WileyAidan,*WileyAidan*321!,wiley_Aidan@hotmail.com,S8235645X,97201492,2,Master,,,,
,Carlos,Sebastian,CarlosSebastian,*CarlosSebastian*321!,carlos_Sebastian@gmail.com,S8328640O,98688604,20,Professional Certification,,,,
,Harold,Romeo,HaroldRomeo,*HaroldRomeo*321!,harold_Romeo@gmail.com,S9420578U,90785832,5,Master,,,,
,Harvey,Milton,HarveyMilton,*HarveyMilton*321!,harvey_Milton@gmail.com,T0035264G,81306566,14,Professional Certification,,,,
,Samuel,Ethan,SamuelEthan,*SamuelEthan*321!,samuel_Ethan@hotmail.com,S8418840Q,83764890,11,Diploma,,,,
,Aaron,Julian,AaronJulian,*AaronJulian*321!,aaron_Julian@gmail.com,S8217622G,97450974,13,PhD,,,,
,Aaron,Greyson,AaronGreyson,*AaronGreyson*321!,aaron_Greyson@hotmail.com,S7400511S,99951651,28,Professional Certification,,,,
,Ethan,Kingston,EthanKingston,*EthanKingston*321!,ethan_Kingston@yahoo.com,S7838968F,92125288,27,Master,,,,
,Perry,Victor,PerryVictor,*PerryVictor*321!,perry_Victor@huawei.com,S8428125E,95342822,23,PhD,,,,
,Johnny,Clarence,JohnnyClarence,*JohnnyClarence*321!,johnny_Clarence@gmail.com,S9808809Q,90948590,23,Diploma,,,,
,Mark,Jorge,MarkJorge,*MarkJorge*321!,mark_Jorge@gmail.com,S8507525W,94553052,18,PhD,,,,
,Charlie,Jimmy,CharlieJimmy,*CharlieJimmy*321!,charlie_Jimmy@gmail.com,S8620770A,89537971,22,Diploma,,,,
,Conner,Lewis,ConnerLewis,*ConnerLewis*321!,conner_Lewis@msn.com,S7027286E,90482609,20,Bachelor,,,,
,Harold,Christopher,HaroldChristopher,*HaroldChristopher*321!,harold_Christopher@hotmail.com,S9320896S,94736430,7,Diploma,,,,
,Martin,Victor,MartinVictor,*MartinVictor*321!,martin_Victor@hotmail.com,S7006566E,97635765,2,PhD,,,,
,Conner,Ted,ConnerTed,*ConnerTed*321!,conner_Ted@gmail.com,S9824886Y,80869531,7,PhD,,,,
,Peter,Kingston,PeterKingston,*PeterKingston*321!,peter_Kingston@alibaba.com,S9330249D,95021760,14,Bachelor,,,,
,Liam,Paul,LiamPaul,*LiamPaul*321!,liam_Paul@msn.com,S7334954M,95915688,2,Bachelor,,,,
,Bruce,Noel,BruceNoel,*BruceNoel*321!,bruce_Noel@alibaba.com,S7413271N,91226113,13,PhD,,,,
,Stefan,Alberto,StefanAlberto,*StefanAlberto*321!,stefan_Alberto@hotmail.com,S8212098H,95586641,13,Professional Certification,,,,
,Dan,Clark,DanClark,*DanClark*321!,dan_Clark@msn.com,S8216279M,84141881,16,Diploma,,,,
,Joe,Joey,JoeJoey,*JoeJoey*321!,joe_Joey@gmail.com,S9200548P,96515389,14,Diploma,,,,
,Blake,Conner,BlakeConner,*BlakeConner*321!,blake_Conner@yahoo.com,S7310171V,87608633,15,PhD,,,,
,Victor,Nathaniel,VictorNathaniel,*VictorNathaniel*321!,victor_Nathaniel@gmail.com,S8223711P,87369274,8,Diploma,,,,
,Clarence,Romeo,ClarenceRomeo,*ClarenceRomeo*321!,clarence_Romeo@msn.com,S7832731B,85780626,4,Master,,,,
,Cedric,Fred,CedricFred,*CedricFred*321!,cedric_Fred@hotmail.com,S7705907S,87796046,13,Professional Certification,,,,
,Douglas,Gilbert,DouglasGilbert,*DouglasGilbert*321!,douglas_Gilbert@hotmail.com,S9125728H,85047231,7,Diploma,,,,
,Bruce,Joe,BruceJoe,*BruceJoe*321!,bruce_Joe@hotmail.com,S8819611U,90314643,4,Master,,,,
,Peter,Hector,PeterHector,*PeterHector*321!,peter_Hector@huawei.com,S8828479B,90974781,11,PhD,,,,
,Shane,Sandy,ShaneSandy,*ShaneSandy*321!,shane_Sandy@alibaba.com,S9711151W,98208607,7,Bachelor,,,,
,Roberto,Clark,RobertoClark,*RobertoClark*321!,roberto_Clark@alibaba.com,T0026593C,89037392,8,PhD,,,,
,Charlie,Ron,CharlieRon,*CharlieRon*321!,charlie_Ron@alibaba.com,S8604764L,90880139,5,Bachelor,,,,
,Christopher,Mark,ChristopherMark,*ChristopherMark*321!,christopher_Mark@hotmail.com,S8216725C,80451610,5,Professional Certification,,,,
,Riley,Ricardo,RileyRicardo,*RileyRicardo*321!,riley_Ricardo@huawei.com,S7938860G,97734299,11,Master,,,,
,Glen,Eli,GlenEli,*GlenEli*321!,glen_Eli@msn.com,S7807494Q,83316036,19,Bachelor,,,,
,Ron,Keith,RonKeith,*RonKeith*321!,ron_Keith@yahoo.com,T0015385B,88645915,25,Master,,,,
,Ivan,Victor,IvanVictor,*IvanVictor*321!,ivan_Victor@msn.com,S7032728O,80316466,26,Diploma,,,,
,Carlos,Scott,CarlosScott,*CarlosScott*321!,carlos_Scott@huawei.com,S7612595L,97068055,10,Master,,,,
,Conner,Romeo,ConnerRomeo,*ConnerRomeo*321!,conner_Romeo@yahoo.com,S7815658Q,99277571,10,Diploma,,,,
,Sandy,Romeo,SandyRomeo,*SandyRomeo*321!,sandy_Romeo@huawei.com,S8208790X,98384637,17,Diploma,,,,
,Orlando,Lewis,OrlandoLewis,*OrlandoLewis*321!,orlando_Lewis@huawei.com,S8238911K,96930285,19,Professional Certification,,,,
,Lewis,Connor,LewisConnor,*LewisConnor*321!,lewis_Connor@hotmail.com,S9608918X,93822226,5,Diploma,,,,
,Ethan,Romeo,EthanRomeo,*EthanRomeo*321!,ethan_Romeo@gmail.com,S9017518L,94298497,8,Diploma,,,,
,Johnny,Hunter,JohnnyHunter,*JohnnyHunter*321!,johnny_Hunter@yahoo.com,S9034876P,99177318,20,Bachelor,,,,
,Craig,Harold,CraigHarold,*CraigHarold*321!,craig_Harold@hotmail.com,S9639554X,85924233,13,Bachelor,,,,
,Charlie,Carlos,CharlieCarlos,*CharlieCarlos*321!,charlie_Carlos@alibaba.com,S7324422I,88635416,8,Professional Certification,,,,
,Stuart,Sandy,StuartSandy,*StuartSandy*321!,stuart_Sandy@huawei.com,S9720216W,87772681,4,Diploma,,,,
,Orlando,Aaron,OrlandoAaron,*OrlandoAaron*321!,orlando_Aaron@huawei.com,S9402591X,90789578,21,Master,,,,
,Charlie,Kingston,CharlieKingston,*CharlieKingston*321!,charlie_Kingston@huawei.com,S9304521D,82033560,27,Professional Certification,,,,
,Conner,Adrian,ConnerAdrian,*ConnerAdrian*321!,conner_Adrian@msn.com,S9532521L,99850681,26,Master,,,,
,Eli,Harold,EliHarold,*EliHarold*321!,eli_Harold@huawei.com,S7019947M,90744514,9,Professional Certification,,,,
,Marlin,Blake,MarlinBlake,*MarlinBlake*321!,marlin_Blake@hotmail.com,S8920285I,92230920,13,PhD,,,,
,Joey,Blake,JoeyBlake,*JoeyBlake*321!,joey_Blake@hotmail.com,S8531276V,81963072,22,Diploma,,,,
,Keith,Nick,KeithNick,*KeithNick*321!,keith_Nick@gmail.com,S9831120E,80124556,13,Professional Certification,,,,
,Ron,Greyson,RonGreyson,*RonGreyson*321!,ron_Greyson@msn.com,S9621436F,97514395,17,Professional Certification,,,,
,Philip,Peter,PhilipPeter,*PhilipPeter*321!,philip_Peter@huawei.com,S8408442S,80786015,26,PhD,,,,
,Tommy,Glen,TommyGlen,*TommyGlen*321!,tommy_Glen@hotmail.com,S7401452G,85261234,18,Diploma,,,,
,Charlie,Hector,CharlieHector,*CharlieHector*321!,charlie_Hector@msn.com,T0000365G,90944248,12,Diploma,,,,
,Ted,Blake,TedBlake,*TedBlake*321!,ted_Blake@huawei.com,S7723191P,83348091,9,Professional Certification,,,,
,Wiley,Martin,WileyMartin,*WileyMartin*321!,wiley_Martin@huawei.com,S9702172V,93101566,12,Professional Certification,,,,
,Paul,Paul,PaulPaul,*PaulPaul*321!,paul_Paul@msn.com,S8933703O,98224547,30,Bachelor,,,,
,Dave,Julian,DaveJulian,*DaveJulian*321!,dave_Julian@msn.com,S9127399C,98608808,18,Master,,,,
,Blake,George,BlakeGeorge,*BlakeGeorge*321!,blake_George@msn.com,S9924963X,81606461,3,Diploma,,,,
,Jimmy,Sebastian,JimmySebastian,*JimmySebastian*321!,jimmy_Sebastian@alibaba.com,S8214537G,94852425,6,PhD,,,,
,Keith,Ramon,KeithRamon,*KeithRamon*321!,keith_Ramon@msn.com,S9411674V,80025903,17,Master,,,,
,Clark,Paul,ClarkPaul,*ClarkPaul*321!,clark_Paul@huawei.com,S7906589W,88240275,6,Diploma,,,,
,Terry,Charlie,TerryCharlie,*TerryCharlie*321!,terry_Charlie@alibaba.com,S8314653E,86262687,27,Bachelor,,,,
,Ivan,Ted,IvanTed,*IvanTed*321!,ivan_Ted@gmail.com,T0022474C,97123157,16,PhD,,,,
,Kingston,Miles,KingstonMiles,*KingstonMiles*321!,kingston_Miles@alibaba.com,S7001977Q,82330157,8,Master,,,,
,Troy,Sebastian,TroySebastian,*TroySebastian*321!,troy_Sebastian@alibaba.com,T0031666N,89785645,1,Bachelor,,,,
,Tommy,Sebastian,TommySebastian,*TommySebastian*321!,tommy_Sebastian@msn.com,S9233689Q,90135386,8,Master,,,,
,Johnny,Troy,JohnnyTroy,*JohnnyTroy*321!,johnny_Troy@yahoo.com,S9206150S,82413250,25,Professional Certification,,,,
,Troy,Gilbert,TroyGilbert,*TroyGilbert*321!,troy_Gilbert@gmail.com,S8331874J,96729431,26,PhD,,,,
,Jerry,Liam,JerryLiam,*JerryLiam*321!,jerry_Liam@huawei.com,S7526730P,87940364,11,Bachelor,,,,
,Nick,Claude,NickClaude,*NickClaude*321!,nick_Claude@hotmail.com,S8915852Q,87087338,4,Master,,,,
,Ricardo,Brian,RicardoBrian,*RicardoBrian*321!,ricardo_Brian@hotmail.com,S9700267C,85882130,14,PhD,,,,
,Robin,George,RobinGeorge,*RobinGeorge*321!,robin_George@huawei.com,S7906596O,81429769,10,PhD,,,,
,Liam,Greyson,LiamGreyson,*LiamGreyson*321!,liam_Greyson@msn.com,S8732613Y,99879378,8,Master,,,,
,Clark,Antonio,ClarkAntonio,*ClarkAntonio*321!,clark_Antonio@huawei.com,T0013716I,98790898,28,PhD,,,,
,Eli,Paul,EliPaul,*EliPaul*321!,eli_Paul@msn.com,S9815199T,85114816,5,PhD,,,,
,Aidan,Julian,AidanJulian,*AidanJulian*321!,aidan_Julian@hotmail.com,S7313530M,99025656,9,Professional Certification,,,,
,Joe,Ramon,JoeRamon,*JoeRamon*321!,joe_Ramon@alibaba.com,S7506898W,94707154,3,Diploma,,,,
,Joshua,Charlie,JoshuaCharlie,*JoshuaCharlie*321!,joshua_Charlie@gmail.com,S9204719J,99909041,8,Bachelor,,,,
,Conner,Luka,ConnerLuka,*ConnerLuka*321!,conner_Luka@huawei.com,S8413327X,94330299,12,Bachelor,,,,
,Antonio,Albert,AntonioAlbert,*AntonioAlbert*321!,antonio_Albert@huawei.com,S7003904M,89674012,2,Master,,,,
,Harold,Seth,HaroldSeth,*HaroldSeth*321!,harold_Seth@huawei.com,S9807025C,95208462,17,Diploma,,,,
,Jerry,Eli,JerryEli,*JerryEli*321!,jerry_Eli@msn.com,S9334031D,87190491,12,PhD,,,,
,Christopher,Paul,ChristopherPaul,*ChristopherPaul*321!,christopher_Paul@huawei.com,S8307728T,85614369,20,Master,,,,
,Harold,Philip,HaroldPhilip,*HaroldPhilip*321!,harold_Philip@huawei.com,S8621260Y,80352409,23,Professional Certification,,,,
,Marlin,Shane,MarlinShane,*MarlinShane*321!,marlin_Shane@alibaba.com,S7415258V,91459983,7,Master,,,,
,Conner,Kingston,ConnerKingston,*ConnerKingston*321!,conner_Kingston@gmail.com,S8019059I,98194509,18,Professional Certification,,,,
,Victor,Harvey,VictorHarvey,*VictorHarvey*321!,victor_Harvey@huawei.com,S8724309H,93727457,22,PhD,,,,
,Hector,Ted,HectorTed,*HectorTed*321!,hector_Ted@gmail.com,S9719939K,85193765,26,Professional Certification,,,,
,Arthur,Scott,ArthurScott,*ArthurScott*321!,arthur_Scott@gmail.com,S9519468V,92987806,22,Bachelor,,,,
,Adrian,Gilbert,AdrianGilbert,*AdrianGilbert*321!,adrian_Gilbert@gmail.com,T0003139D,86331075,26,Diploma,,,,
,Sebastian,Cedric,SebastianCedric,*SebastianCedric*321!,sebastian_Cedric@alibaba.com,S9510316K,97777160,4,Diploma,,,,
,Dan,Jaime,DanJaime,*DanJaime*321!,dan_Jaime@yahoo.com,S8123306B,85594079,15,Professional Certification,,,,
,Liam,Jaime,LiamJaime,*LiamJaime*321!,liam_Jaime@msn.com,S7731323U,86325894,12,PhD,,,,
,Christopher,Joe,ChristopherJoe,*ChristopherJoe*321!,christopher_Joe@huawei.com,S8938503O,88275212,11,Professional Certification,,,,
,Douglas,Jerry,DouglasJerry,*DouglasJerry*321!,douglas_Jerry@yahoo.com,S7023983B,85073475,19,Professional Certification,,,,
,Connor,Ted,ConnorTed,*ConnorTed*321!,connor_Ted@yahoo.com,S7608163D,93630225,11,Bachelor,,,,
,Sandy,Christopher,SandyChristopher,*SandyChristopher*321!,sandy_Christopher@huawei.com,S8426027E,91845816,20,PhD,,,,
,Alberto,Claude,AlbertoClaude,*AlbertoClaude*321!,alberto_Claude@gmail.com,S7720245R,97061128,29,Diploma,,,,
,Peter,Victor,PeterVictor,*PeterVictor*321!,peter_Victor@alibaba.com,S9829941P,99371275,16,Bachelor,,,,
,Dave,Jimmy,DaveJimmy,*DaveJimmy*321!,dave_Jimmy@hotmail.com,T0002804M,80666263,25,Diploma,,,,
,Claude,Hector,ClaudeHector,*ClaudeHector*321!,claude_Hector@huawei.com,S9401923A,85884483,3,Professional Certification,,,,
,Jorge,Paul,JorgePaul,*JorgePaul*321!,jorge_Paul@huawei.com,S9709034L,99598559,6,Diploma,,,,
,Stuart,Bruce,StuartBruce,*StuartBruce*321!,stuart_Bruce@hotmail.com,S8337105H,95511326,14,Master,,,,
,Albert,Wade,AlbertWade,*AlbertWade*321!,albert_Wade@alibaba.com,S8310865T,98954352,4,Bachelor,,,,
,Carlos,Terry,CarlosTerry,*CarlosTerry*321!,carlos_Terry@alibaba.com,S6931762S,92709767,3,Diploma,,,,
,Clark,Arthur,ClarkArthur,*ClarkArthur*321!,clark_Arthur@gmail.com,S9117262A,91536602,14,Professional Certification,,,,
,George,Sebastian,GeorgeSebastian,*GeorgeSebastian*321!,george_Sebastian@hotmail.com,S7114492K,81677790,21,Diploma,,,,
,Albert,Harold,AlbertHarold,*AlbertHarold*321!,albert_Harold@hotmail.com,S9105005T,98545962,24,Master,,,,
,Aidan,Paul,AidanPaul,*AidanPaul*321!,aidan_Paul@gmail.com,S8916913H,99065405,15,Master,,,,
,Benjamin,Brian,BenjaminBrian,*BenjaminBrian*321!,benjamin_Brian@huawei.com,S8518421P,81095452,2,Bachelor,,,,
,Lewis,Harvey,LewisHarvey,*LewisHarvey*321!,lewis_Harvey@yahoo.com,S9118825X,80074475,3,Bachelor,,,,
,Romeo,Dave,RomeoDave,*RomeoDave*321!,romeo_Dave@msn.com,S9710061F,84076242,27,Master,,,,
,Kingston,Marion,KingstonMarion,*KingstonMarion*321!,kingston_Marion@huawei.com,S9509153B,87585014,4,Master,,,,
,Alexis,Craig,AlexisCraig,*AlexisCraig*321!,alexis_Craig@hotmail.com,S9507945O,88361336,19,PhD,,,,
,Jorge,Marlin,JorgeMarlin,*JorgeMarlin*321!,jorge_Marlin@yahoo.com,S8205731I,95646987,6,PhD,,,,
,Ivan,Gerald,IvanGerald,*IvanGerald*321!,ivan_Gerald@msn.com,S8231359N,80884560,18,Master,,,,
,Noel,Charlie,NoelCharlie,*NoelCharlie*321!,noel_Charlie@gmail.com,S8633307Q,86641820,5,PhD,,,,
,Roberto,Antonio,RobertoAntonio,*RobertoAntonio*321!,roberto_Antonio@alibaba.com,S8039467Q,96124357,19,Bachelor,,,,
,Harold,Milton,HaroldMilton,*HaroldMilton*321!,harold_Milton@hotmail.com,S8905534S,82338152,6,PhD,,,,
,Samuel,Noel,SamuelNoel,*SamuelNoel*321!,samuel_Noel@gmail.com,S9805494X,86030450,12,PhD,,,,
,Charlie,Nathaniel,CharlieNathaniel,*CharlieNathaniel*321!,charlie_Nathaniel@yahoo.com,T0002324S,99264582,17,Professional Certification,,,,
,Jaime,Jorge,JaimeJorge,*JaimeJorge*321!,jaime_Jorge@gmail.com,S7432244B,98453970,19,Master,,,,
,Bruce,Joey,BruceJoey,*BruceJoey*321!,bruce_Joey@gmail.com,S7438733J,92568749,12,PhD,,,,
,Gilbert,Stefan,GilbertStefan,*GilbertStefan*321!,gilbert_Stefan@hotmail.com,S9915596V,87410160,27,Professional Certification,,,,
,Harold,Clarence,HaroldClarence,*HaroldClarence*321!,harold_Clarence@yahoo.com,S9510499I,81346605,6,Professional Certification,,,,
,Hector,Milton,HectorMilton,*HectorMilton*321!,hector_Milton@msn.com,S7624906L,90969989,30,Bachelor,,,,
,Wade,Joey,WadeJoey,*WadeJoey*321!,wade_Joey@huawei.com,S9228520E,88677233,7,Professional Certification,,,,
,Sebastian,Sandy,SebastianSandy,*SebastianSandy*321!,sebastian_Sandy@huawei.com,S9034778M,91953469,2,Diploma,,,,
,Rick,Morris,RickMorris,*RickMorris*321!,rick_Morris@alibaba.com,S9110365L,93885224,3,Diploma,,,,
,Arthur,Conner,ArthurConner,*ArthurConner*321!,arthur_Conner@huawei.com,S8916258D,88292539,20,PhD,,,,
,Dan,Ivan,DanIvan,*DanIvan*321!,dan_Ivan@gmail.com,S8223088H,93183256,8,Bachelor,,,,
,Hunter,Arthur,HunterArthur,*HunterArthur*321!,hunter_Arthur@alibaba.com,S8703077C,82436399,4,Master,,,,
,Ted,Luka,TedLuka,*TedLuka*321!,ted_Luka@hotmail.com,S8107507U,83584162,26,Master,,,,
,Keith,Clark,KeithClark,*KeithClark*321!,keith_Clark@yahoo.com,S8902412C,99764806,18,PhD,,,,
,Benjamin,Greyson,BenjaminGreyson,*BenjaminGreyson*321!,benjamin_Greyson@msn.com,S9326557U,86520153,27,Professional Certification,,,,
,Cedric,Miles,CedricMiles,*CedricMiles*321!,cedric_Miles@alibaba.com,S7003798F,98713297,15,Diploma,,,,
,Miles,Nathaniel,MilesNathaniel,*MilesNathaniel*321!,miles_Nathaniel@alibaba.com,S8316446G,94304518,10,Master,,,,
,Harold,Wade,HaroldWade,*HaroldWade*321!,harold_Wade@msn.com,S7437855D,89607451,23,Master,,,,
,Jaime,Charlie,JaimeCharlie,*JaimeCharlie*321!,jaime_Charlie@huawei.com,S7538003K,88382122,27,Professional Certification,,,,
,Alberto,Dave,AlbertoDave,*AlbertoDave*321!,alberto_Dave@yahoo.com,S8825234U,94183569,13,Diploma,,,,
,Wiley,Lewis,WileyLewis,*WileyLewis*321!,wiley_Lewis@huawei.com,S8532516I,80381499,24,PhD,,,,
,Troy,Ethan,TroyEthan,*TroyEthan*321!,troy_Ethan@hotmail.com,S8915264U,94089042,23,Master,,,,
,Miles,Jessie,MilesJessie,*MilesJessie*321!,miles_Jessie@hotmail.com,S7039386D,86746857,13,Diploma,,,,
,Joe,Johnny,JoeJohnny,*JoeJohnny*321!,joe_Johnny@gmail.com,S8918063F,95476841,28,Bachelor,,,,
,Ricardo,Joe,RicardoJoe,*RicardoJoe*321!,ricardo_Joe@hotmail.com,S7521781U,86913038,24,Bachelor,,,,
,Shawn,Douglas,ShawnDouglas,*ShawnDouglas*321!,shawn_Douglas@alibaba.com,S7325271G,87731079,2,Master,,,,
,Harvey,Shane,HarveyShane,*HarveyShane*321!,harvey_Shane@huawei.com,S7016679M,82283679,20,PhD,,,,
,Arthur,Adrian,ArthurAdrian,*ArthurAdrian*321!,arthur_Adrian@huawei.com,S9707846Y,90241122,9,Diploma,,,,
,Stuart,Clark,StuartClark,*StuartClark*321!,stuart_Clark@huawei.com,S9838716N,93586727,17,Master,,,,
,Marion,Ricardo,MarionRicardo,*MarionRicardo*321!,marion_Ricardo@huawei.com,S9538647I,85117257,27,Professional Certification,,,,
,Antonio,Douglas,AntonioDouglas,*AntonioDouglas*321!,antonio_Douglas@alibaba.com,S8406289C,85936539,13,PhD,,,,
,Carlos,Arthur,CarlosArthur,*CarlosArthur*321!,carlos_Arthur@gmail.com,S7208545R,84904089,7,PhD,,,,
,Craig,Antonio,CraigAntonio,*CraigAntonio*321!,craig_Antonio@alibaba.com,S9738440P,89228784,27,Diploma,,,,
,Romeo,Nick,RomeoNick,*RomeoNick*321!,romeo_Nick@gmail.com,T0032928B,97555628,8,Bachelor,,,,
,Tristin,Claude,TristinClaude,*TristinClaude*321!,tristin_Claude@gmail.com,S7226179F,82288235,1,PhD,,,,
,Alexis,Connor,AlexisConnor,*AlexisConnor*321!,alexis_Connor@yahoo.com,S8707560G,87085796,18,Diploma,,,,
,Hector,Scott,HectorScott,*HectorScott*321!,hector_Scott@yahoo.com,S9227518W,99384829,25,Professional Certification,,,,
,Sandy,Dan,SandyDan,*SandyDan*321!,sandy_Dan@msn.com,S7329229K,92263909,7,Professional Certification,,,,
,Marshall,Nathaniel,MarshallNathaniel,*MarshallNathaniel*321!,marshall_Nathaniel@yahoo.com,S7638051H,83455064,25,Diploma,,,,
,Brian,Orlando,BrianOrlando,*BrianOrlando*321!,brian_Orlando@huawei.com,S9736911U,82174869,3,Bachelor,,,,
,Claude,Stuart,ClaudeStuart,*ClaudeStuart*321!,claude_Stuart@gmail.com,S9007368I,93193186,24,Professional Certification,,,,
,Carlos,Douglas,CarlosDouglas,*CarlosDouglas*321!,carlos_Douglas@msn.com,S7214697M,94968529,12,Professional Certification,,,,
,Clark,Romeo,ClarkRomeo,*ClarkRomeo*321!,clark_Romeo@msn.com,S8431404X,99500649,5,Master,,,,
,Robin,Conner,RobinConner,*RobinConner*321!,robin_Conner@hotmail.com,S8608240D,89176338,5,PhD,,,,
,Harold,Shawn,HaroldShawn,*HaroldShawn*321!,harold_Shawn@hotmail.com,S7736386S,86921003,21,Professional Certification,,,,
,Peter,Fred,PeterFred,*PeterFred*321!,peter_Fred@gmail.com,S8026285V,98374869,7,PhD,,,,
,Christopher,Alberto,ChristopherAlberto,*ChristopherAlberto*321!,christopher_Alberto@hotmail.com,S8926757G,93616506,23,PhD,,,,
,Scott,Joe,ScottJoe,*ScottJoe*321!,scott_Joe@yahoo.com,S7012268Q,86641543,15,Bachelor,,,,
,Harold,Conner,HaroldConner,*HaroldConner*321!,harold_Conner@gmail.com,T0010490Q,83892015,2,Diploma,,,,
,Eli,Riley,EliRiley,*EliRiley*321!,eli_Riley@gmail.com,S9921352X,84313432,25,Bachelor,,,,
,Rick,Paul,RickPaul,*RickPaul*321!,rick_Paul@hotmail.com,S8814638O,89888269,4,Diploma,,,,
,Carlos,Mark,CarlosMark,*CarlosMark*321!,carlos_Mark@gmail.com,S8534284M,98795528,6,Diploma,,,,
,Aidan,Stefan,AidanStefan,*AidanStefan*321!,aidan_Stefan@alibaba.com,S8628378J,80876445,2,Professional Certification,,,,
,Miles,Milton,MilesMilton,*MilesMilton*321!,miles_Milton@hotmail.com,S7408293X,83340365,3,PhD,,,,
,Cedric,Craig,CedricCraig,*CedricCraig*321!,cedric_Craig@yahoo.com,S7334669V,98447453,5,PhD,,,,
,Joshua,Carlos,JoshuaCarlos,*JoshuaCarlos*321!,joshua_Carlos@msn.com,S8530811B,83831785,18,Bachelor,,,,
,Arthur,Wade,ArthurWade,*ArthurWade*321!,arthur_Wade@alibaba.com,S8713966N,97189115,8,Professional Certification,,,,
,Jerry,Ivan,JerryIvan,*JerryIvan*321!,jerry_Ivan@hotmail.com,S9014315F,87086879,19,Professional Certification,,,,
,Ron,Adrian,RonAdrian,*RonAdrian*321!,ron_Adrian@msn.com,T0031745E,89747304,22,Master,,,,
,Miles,Harvey,MilesHarvey,*MilesHarvey*321!,miles_Harvey@msn.com,S7224421V,91379623,9,Master,,,,
,Liam,Harold,LiamHarold,*LiamHarold*321!,liam_Harold@hotmail.com,S9032558H,83665064,11,Professional Certification,,,,
,Victor,Kingston,VictorKingston,*VictorKingston*321!,victor_Kingston@alibaba.com,S9829716P,99702852,19,Master,,,,
,Carlos,Christopher,CarlosChristopher,*CarlosChristopher*321!,carlos_Christopher@yahoo.com,S8331600E,92121240,24,Master,,,,
,Ernest,Marshall,ErnestMarshall,*ErnestMarshall*321!,ernest_Marshall@yahoo.com,S7105595U,96055956,15,PhD,,,,
,Ivan,Kingston,IvanKingston,*IvanKingston*321!,ivan_Kingston@msn.com,S9639597D,80170147,4,Professional Certification,,,,
,Ricardo,Paul,RicardoPaul,*RicardoPaul*321!,ricardo_Paul@huawei.com,S9920770G,93578463,10,Professional Certification,,,,
,Albert,Fred,AlbertFred,*AlbertFred*321!,albert_Fred@hotmail.com,S7000482Q,90950414,11,Professional Certification,,,,
,Ron,Ivan,RonIvan,*RonIvan*321!,ron_Ivan@msn.com,S7313758V,82533639,13,Professional Certification,,,,
,Aaron,Craig,AaronCraig,*AaronCraig*321!,aaron_Craig@huawei.com,S8405152A,97295613,6,Bachelor,,,,
,Gerald,Ethan,GeraldEthan,*GeraldEthan*321!,gerald_Ethan@alibaba.com,S9433946U,95294286,19,Master,,,,
,Alberto,Miles,AlbertoMiles,*AlbertoMiles*321!,alberto_Miles@yahoo.com,S9627132G,99495416,2,Bachelor,,,,
,Ivan,Milton,IvanMilton,*IvanMilton*321!,ivan_Milton@msn.com,S7226885H,87318895,17,PhD,,,,
,Fred,Alberto,FredAlberto,*FredAlberto*321!,fred_Alberto@yahoo.com,S7016885C,98330221,2,Professional Certification,,,,
,Johnny,Jaime,JohnnyJaime,*JohnnyJaime*321!,johnny_Jaime@yahoo.com,S8622808J,98043357,27,Professional Certification,,,,
,Joey,Romeo,JoeyRomeo,*JoeyRomeo*321!,joey_Romeo@msn.com,S7519536V,90394575,19,Diploma,,,,
,Christopher,Martin,ChristopherMartin,*ChristopherMartin*321!,christopher_Martin@yahoo.com,S7604867W,97801132,22,Professional Certification,,,,
,Stefan,Aaron,StefanAaron,*StefanAaron*321!,stefan_Aaron@alibaba.com,S9121899O,98823443,11,Master,,,,
,Sandy,Marlin,SandyMarlin,*SandyMarlin*321!,sandy_Marlin@huawei.com,S9837518I,98017581,12,Bachelor,,,,
,Gerald,Sandy,GeraldSandy,*GeraldSandy*321!,gerald_Sandy@alibaba.com,S7525845A,89456808,17,Bachelor,,,,
,Marion,Liam,MarionLiam,*MarionLiam*321!,marion_Liam@gmail.com,S9529867U,93834997,19,Bachelor,,,,
,Robin,Eli,RobinEli,*RobinEli*321!,robin_Eli@alibaba.com,S9405893T,81876054,29,PhD,,,,
,Alberto,Johnny,AlbertoJohnny,*AlbertoJohnny*321!,alberto_Johnny@gmail.com,S7402218T,92676329,28,Master,,,,
,Roberto,Carlos,RobertoCarlos,*RobertoCarlos*321!,roberto_Carlos@huawei.com,S9524500T,81886819,20,Diploma,,,,
,Craig,Philip,CraigPhilip,*CraigPhilip*321!,craig_Philip@alibaba.com,S7639998M,96526380,1,Bachelor,,,,
,Alexis,George,AlexisGeorge,*AlexisGeorge*321!,alexis_George@yahoo.com,T0031546O,91155954,2,PhD,,,,
,Cedric,Noel,CedricNoel,*CedricNoel*321!,cedric_Noel@gmail.com,S8223169B,89780792,4,PhD,,,,
,Victor,Peter,VictorPeter,*VictorPeter*321!,victor_Peter@msn.com,S7424081S,95567577,26,Master,,,,
,Connor,Peter,ConnorPeter,*ConnorPeter*321!,connor_Peter@hotmail.com,S7533934B,87899145,21,Master,,,,
,Martin,Ethan,MartinEthan,*MartinEthan*321!,martin_Ethan@alibaba.com,S8917334Y,82153614,15,PhD,,,,
,Terry,Shane,TerryShane,*TerryShane*321!,terry_Shane@yahoo.com,S9238284V,81913410,12,Diploma,,,,
,Rick,Blake,RickBlake,*RickBlake*321!,rick_Blake@gmail.com,S9522562S,97338653,21,Master,,,,
,George,Tommy,GeorgeTommy,*GeorgeTommy*321!,george_Tommy@alibaba.com,S9116733O,96185383,4,Professional Certification,,,,
,Nick,Tristin,NickTristin,*NickTristin*321!,nick_Tristin@alibaba.com,S9802016V,98342187,22,Diploma,,,,
,Ramon,Sandy,RamonSandy,*RamonSandy*321!,ramon_Sandy@hotmail.com,S8036097I,89635267,2,Professional Certification,,,,
,Ron,Joey,RonJoey,*RonJoey*321!,ron_Joey@yahoo.com,S8415077F,93092316,20,Bachelor,,,,
,Claude,Ron,ClaudeRon,*ClaudeRon*321!,claude_Ron@huawei.com,S7135237A,93443674,21,PhD,,,,
,Brian,Troy,BrianTroy,*BrianTroy*321!,brian_Troy@gmail.com,S7316805W,93579434,10,Bachelor,,,,
,Samuel,Jaime,SamuelJaime,*SamuelJaime*321!,samuel_Jaime@alibaba.com,S7606635O,96493081,4,PhD,,,,
,Christopher,Jessie,ChristopherJessie,*ChristopherJessie*321!,christopher_Jessie@msn.com,S9107089U,97049130,10,Master,,,,
,Troy,Eli,TroyEli,*TroyEli*321!,troy_Eli@hotmail.com,S8037097A,85180692,22,Bachelor,,,,
,Clarence,Jorge,ClarenceJorge,*ClarenceJorge*321!,clarence_Jorge@gmail.com,S7332458S,80359401,30,PhD,,,,
,Adrian,Christopher,AdrianChristopher,*AdrianChristopher*321!,adrian_Christopher@yahoo.com,S9931562L,93055408,24,Bachelor,,,,
,Jerry,Wade,JerryWade,*JerryWade*321!,jerry_Wade@hotmail.com,S7914476X,80395705,24,Bachelor,,,,
,Shawn,Ricardo,ShawnRicardo,*ShawnRicardo*321!,shawn_Ricardo@hotmail.com,S9429814L,89948237,16,Professional Certification,,,,
,Dan,Paul,DanPaul,*DanPaul*321!,dan_Paul@hotmail.com,S7918585V,85762728,26,Master,,,,
,Aidan,Bruce,AidanBruce,*AidanBruce*321!,aidan_Bruce@gmail.com,S8932843X,96934383,16,Bachelor,,,,
,Scott,Adrian,ScottAdrian,*ScottAdrian*321!,scott_Adrian@huawei.com,S8200490G,86613727,25,Bachelor,,,,
,Fred,Connor,FredConnor,*FredConnor*321!,fred_Connor@hotmail.com,S7234085G,81364719,17,Master,,,,
,Morris,Clarence,MorrisClarence,*MorrisClarence*321!,morris_Clarence@hotmail.com,S8005483V,81515459,12,Diploma,,,,
,Ted,Bruce,TedBruce,*TedBruce*321!,ted_Bruce@gmail.com,S9632358F,81703997,13,Professional Certification,,,,
,Clarence,Clarence,ClarenceClarence,*ClarenceClarence*321!,clarence_Clarence@huawei.com,S8313451E,96095239,7,Bachelor,,,,
,Clarence,Kingston,ClarenceKingston,*ClarenceKingston*321!,clarence_Kingston@msn.com,S9626449L,97314932,28,Professional Certification,,,,
,Stuart,Craig,StuartCraig,*StuartCraig*321!,stuart_Craig@gmail.com,S9639736J,83133131,18,Professional Certification,,,,
,Charlie,Ethan,CharlieEthan,*CharlieEthan*321!,charlie_Ethan@yahoo.com,S8235475W,97693455,1,Professional Certification,,,,
,Noel,George,NoelGeorge,*NoelGeorge*321!,noel_George@hotmail.com,S9115945I,89407718,18,Diploma,,,,
,Connor,Shawn,ConnorShawn,*ConnorShawn*321!,connor_Shawn@msn.com,S9837818M,93491183,10,Professional Certification,,,,
,Morris,Wade,MorrisWade,*MorrisWade*321!,morris_Wade@huawei.com,S7035318Q,80322728,23,Diploma,,,,
,Ted,Albert,TedAlbert,*TedAlbert*321!,ted_Albert@huawei.com,S9515493C,95218122,17,PhD,,,,
,Paul,Aaron,PaulAaron,*PaulAaron*321!,paul_Aaron@alibaba.com,S9503850F,94278015,25,Master,,,,
,Brian,Sebastian,BrianSebastian,*BrianSebastian*321!,brian_Sebastian@huawei.com,S8821023K,92695039,13,PhD,,,,
,Benjamin,Orlando,BenjaminOrlando,*BenjaminOrlando*321!,benjamin_Orlando@huawei.com,S8339574Y,85803785,13,Master,,,,
,Douglas,Douglas,DouglasDouglas,*DouglasDouglas*321!,douglas_Douglas@yahoo.com,S9006037T,84310137,7,Professional Certification,,,,
,Martin,Sebastian,MartinSebastian,*MartinSebastian*321!,martin_Sebastian@msn.com,S9136525Y,99054228,1,Diploma,,,,
,Clark,Blake,ClarkBlake,*ClarkBlake*321!,clark_Blake@huawei.com,S8507373E,80465554,21,Master,,,,
,Claude,Ethan,ClaudeEthan,*ClaudeEthan*321!,claude_Ethan@hotmail.com,S7528189K,95587302,7,Diploma,,,,
,Adrian,Miles,AdrianMiles,*AdrianMiles*321!,adrian_Miles@gmail.com,S7925109F,92667366,17,Professional Certification,,,,
,Arthur,Shawn,ArthurShawn,*ArthurShawn*321!,arthur_Shawn@hotmail.com,S8435213B,84249741,4,Diploma,,,,
,Everett,Shane,EverettShane,*EverettShane*321!,everett_Shane@gmail.com,S7435847T,86234268,22,PhD,,,,
,Benjamin,Paul,BenjaminPaul,*BenjaminPaul*321!,benjamin_Paul@yahoo.com,S7902757F,97716127,19,Diploma,,,,
,Sandy,Noel,SandyNoel,*SandyNoel*321!,sandy_Noel@hotmail.com,S9700556R,93908165,28,Diploma,,,,
,Joe,Alberto,JoeAlberto,*JoeAlberto*321!,joe_Alberto@gmail.com,S8602792D,90592730,23,Bachelor,,,,
,Victor,Seth,VictorSeth,*VictorSeth*321!,victor_Seth@hotmail.com,S9615964C,91141824,14,Diploma,,,,
,Keith,Tristin,KeithTristin,*KeithTristin*321!,keith_Tristin@hotmail.com,S9324528V,83824935,6,Bachelor,,,,
,Milton,Conner,MiltonConner,*MiltonConner*321!,milton_Conner@yahoo.com,S8123468V,95646478,20,Diploma,,,,
,Jorge,Alexis,JorgeAlexis,*JorgeAlexis*321!,jorge_Alexis@alibaba.com,S7437111S,92201797,2,Bachelor,,,,
,Philip,Dan,PhilipDan,*PhilipDan*321!,philip_Dan@alibaba.com,S8605951Y,99700175,23,PhD,,,,
,Nathaniel,Terry,NathanielTerry,*NathanielTerry*321!,nathaniel_Terry@msn.com,S9229692K,81048615,11,Master,,,,
,Sebastian,Dave,SebastianDave,*SebastianDave*321!,sebastian_Dave@hotmail.com,S8909476L,86533437,9,Professional Certification,,,,
,Ricardo,Jessie,RicardoJessie,*RicardoJessie*321!,ricardo_Jessie@huawei.com,S8322548W,89200592,29,Master,,,,
,Harold,Hunter,HaroldHunter,*HaroldHunter*321!,harold_Hunter@gmail.com,S7021543R,80165958,25,PhD,,,,
,Jessie,Jimmy,JessieJimmy,*JessieJimmy*321!,jessie_Jimmy@msn.com,S8329331H,85557632,29,PhD,,,,
,Ramon,Wiley,RamonWiley,*RamonWiley*321!,ramon_Wiley@alibaba.com,S8103715L,96752746,10,Master,,,,
,Albert,Marshall,AlbertMarshall,*AlbertMarshall*321!,albert_Marshall@msn.com,S7413588X,90625044,16,Bachelor,,,,
,Julian,Liam,JulianLiam,*JulianLiam*321!,julian_Liam@hotmail.com,S9613739K,86960959,26,Professional Certification,,,,
,Philip,Liam,PhilipLiam,*PhilipLiam*321!,philip_Liam@yahoo.com,S8835099O,93099736,29,Master,,,,
,Samuel,Philip,SamuelPhilip,*SamuelPhilip*321!,samuel_Philip@huawei.com,S9228101K,99336088,4,Professional Certification,,,,
,Fred,Aaron,FredAaron,*FredAaron*321!,fred_Aaron@alibaba.com,S7604469R,94400702,6,Professional Certification,,,,
,Noel,Romeo,NoelRomeo,*NoelRomeo*321!,noel_Romeo@huawei.com,S8017338G,80085278,12,Bachelor,,,,
,Ernest,Adrian,ErnestAdrian,*ErnestAdrian*321!,ernest_Adrian@hotmail.com,S7922285P,85018225,15,Professional Certification,,,,
,Hector,Marion,HectorMarion,*HectorMarion*321!,hector_Marion@alibaba.com,S9907201K,87791023,15,Bachelor,,,,
,Charlie,Scott,CharlieScott,*CharlieScott*321!,charlie_Scott@gmail.com,S8528870P,80317519,6,Master,,,,
,Mark,Paul,MarkPaul,*MarkPaul*321!,mark_Paul@alibaba.com,S9934963S,97633757,28,Diploma,,,,
,Perry,Hector,PerryHector,*PerryHector*321!,perry_Hector@gmail.com,T0003606L,83598474,21,Professional Certification,,,,
,Bruce,Eli,BruceEli,*BruceEli*321!,bruce_Eli@msn.com,S9620559L,91813870,27,Professional Certification,,,,
,Terry,Mark,TerryMark,*TerryMark*321!,terry_Mark@hotmail.com,S8706832K,83570456,2,Diploma,,,,
,Ron,Carlos,RonCarlos,*RonCarlos*321!,ron_Carlos@hotmail.com,S8105711B,92115444,26,Master,,,,
,George,Troy,GeorgeTroy,*GeorgeTroy*321!,george_Troy@alibaba.com,S8528596E,96108966,9,Master,,,,
,Perry,Shawn,PerryShawn,*PerryShawn*321!,perry_Shawn@yahoo.com,S9017929U,86274127,15,Professional Certification,,,,
,Greyson,Marshall,GreysonMarshall,*GreysonMarshall*321!,greyson_Marshall@gmail.com,S7632503O,93193455,27,PhD,,,,
,Bruce,Hector,BruceHector,*BruceHector*321!,bruce_Hector@gmail.com,S8635427H,95381364,18,Bachelor,,,,
,Morris,Romeo,MorrisRomeo,*MorrisRomeo*321!,morris_Romeo@huawei.com,S8323898Y,90978333,25,Master,,,,
,Christopher,Carlos,ChristopherCarlos,*ChristopherCarlos*321!,christopher_Carlos@huawei.com,S7923335C,92080483,18,Diploma,,,,
,Brian,Harvey,BrianHarvey,*BrianHarvey*321!,brian_Harvey@hotmail.com,T0033070H,88287332,21,Master,,,,
,Rick,Harvey,RickHarvey,*RickHarvey*321!,rick_Harvey@huawei.com,S7213816X,84460051,29,Master,,,,
,Jimmy,Marlin,JimmyMarlin,*JimmyMarlin*321!,jimmy_Marlin@msn.com,S7632523M,94806695,9,Diploma,,,,
,Luka,Paul,LukaPaul,*LukaPaul*321!,luka_Paul@gmail.com,S7532733I,87112128,12,Diploma,,,,
,Glen,Robin,GlenRobin,*GlenRobin*321!,glen_Robin@huawei.com,S9717133D,94935674,8,PhD,,,,
,Antonio,Tommy,AntonioTommy,*AntonioTommy*321!,antonio_Tommy@hotmail.com,T0020830Q,87942894,6,PhD,,,,
,Samuel,Lewis,SamuelLewis,*SamuelLewis*321!,samuel_Lewis@hotmail.com,S9902083E,88554142,27,Bachelor,,,,
,Aidan,Morris,AidanMorris,*AidanMorris*321!,aidan_Morris@huawei.com,S9116632X,97464793,17,Professional Certification,,,,
,Albert,Dave,AlbertDave,*AlbertDave*321!,albert_Dave@hotmail.com,T0007510B,83929012,25,Diploma,,,,
,Arthur,Wiley,ArthurWiley,*ArthurWiley*321!,arthur_Wiley@yahoo.com,S9136715X,99222647,21,PhD,,,,
,Bruce,Benjamin,BruceBenjamin,*BruceBenjamin*321!,bruce_Benjamin@alibaba.com,S7020030B,94524381,24,Master,,,,
,Ivan,Greyson,IvanGreyson,*IvanGreyson*321!,ivan_Greyson@huawei.com,S9730323T,94001341,16,Diploma,,,,
,Wiley,Ramon,WileyRamon,*WileyRamon*321!,wiley_Ramon@msn.com,S7100247U,90244288,8,PhD,,,,
,Riley,Stuart,RileyStuart,*RileyStuart*321!,riley_Stuart@alibaba.com,S8002257L,99178327,20,Professional Certification,,,,
,Orlando,Craig,OrlandoCraig,*OrlandoCraig*321!,orlando_Craig@msn.com,S8715004Q,93560374,17,PhD,,,,
,Paul,Benjamin,PaulBenjamin,*PaulBenjamin*321!,paul_Benjamin@gmail.com,S9309688N,90000489,3,Bachelor,,,,
,Tristin,Wade,TristinWade,*TristinWade*321!,tristin_Wade@gmail.com,S8831010V,85451891,16,Master,,,,
,Jessie,Keith,JessieKeith,*JessieKeith*321!,jessie_Keith@huawei.com,S7523208B,96042994,4,Professional Certification,,,,
,Keith,Marlin,KeithMarlin,*KeithMarlin*321!,keith_Marlin@alibaba.com,S7039811V,99226385,30,PhD,,,,
,Joshua,Alberto,JoshuaAlberto,*JoshuaAlberto*321!,joshua_Alberto@gmail.com,S8138470T,98349229,12,Professional Certification,,,,
,Kingston,Craig,KingstonCraig,*KingstonCraig*321!,kingston_Craig@hotmail.com,T0000365T,81044934,5,Master,,,,
,Hector,Glen,HectorGlen,*HectorGlen*321!,hector_Glen@alibaba.com,T0033467J,81885481,12,Master,,,,
,Tristin,Neil,TristinNeil,*TristinNeil*321!,tristin_Neil@gmail.com,S6924515K,97706776,26,Bachelor,,,,
,Victor,Rick,VictorRick,*VictorRick*321!,victor_Rick@huawei.com,S7425787X,83764784,28,PhD,,,,
,Romeo,Peter,RomeoPeter,*RomeoPeter*321!,romeo_Peter@hotmail.com,S7319348L,98101588,16,Bachelor,,,,
,Hunter,Christopher,HunterChristopher,*HunterChristopher*321!,hunter_Christopher@huawei.com,T0026780S,84878131,17,Professional Certification,,,,
,Marlin,Wiley,MarlinWiley,*MarlinWiley*321!,marlin_Wiley@huawei.com,S7706624U,98837300,5,PhD,,,,
,Tristin,Rick,TristinRick,*TristinRick*321!,tristin_Rick@huawei.com,S9418651X,80921092,24,Professional Certification,,,,
,Milton,Clarence,MiltonClarence,*MiltonClarence*321!,milton_Clarence@msn.com,S7926959R,92496822,12,Bachelor,,,,
,Glen,Alberto,GlenAlberto,*GlenAlberto*321!,glen_Alberto@yahoo.com,S8014552R,81522369,9,Diploma,,,,
,George,Dave,GeorgeDave,*GeorgeDave*321!,george_Dave@yahoo.com,S7736150A,98413048,27,Bachelor,,,,
,Sebastian,Miles,SebastianMiles,*SebastianMiles*321!,sebastian_Miles@hotmail.com,S8816629M,97882644,15,Master,,,,
,Robin,Nathaniel,RobinNathaniel,*RobinNathaniel*321!,robin_Nathaniel@hotmail.com,S9835585R,90021839,22,Diploma,,,,
,Everett,Hector,EverettHector,*EverettHector*321!,everett_Hector@hotmail.com,S9013731G,91915856,17,Master,,,,
,Antonio,Troy,AntonioTroy,*AntonioTroy*321!,antonio_Troy@hotmail.com,S9611492X,80407524,28,Professional Certification,,,,
,Craig,Scott,CraigScott,*CraigScott*321!,craig_Scott@msn.com,S9321383K,89739799,12,Professional Certification,,,,
,Douglas,Stefan,DouglasStefan,*DouglasStefan*321!,douglas_Stefan@msn.com,S7923065D,85456668,22,Diploma,,,,
,Joshua,Neil,JoshuaNeil,*JoshuaNeil*321!,joshua_Neil@hotmail.com,S7909616I,82336999,25,Diploma,,,,
,Charlie,Fred,CharlieFred,*CharlieFred*321!,charlie_Fred@hotmail.com,S9529260P,83689045,30,Bachelor,,,,
,Jimmy,Wiley,JimmyWiley,*JimmyWiley*321!,jimmy_Wiley@yahoo.com,S7926053X,80464230,13,PhD,,,,
,Marion,Johnny,MarionJohnny,*MarionJohnny*321!,marion_Johnny@msn.com,S9227156T,81885656,2,Master,,,,
,Nick,Ernest,NickErnest,*NickErnest*321!,nick_Ernest@yahoo.com,S7908702E,83854456,6,Bachelor,,,,
,Harold,Troy,HaroldTroy,*HaroldTroy*321!,harold_Troy@alibaba.com,S8534755B,96873721,17,Diploma,,,,
,Glen,Jessie,GlenJessie,*GlenJessie*321!,glen_Jessie@hotmail.com,T0007793Y,94439253,11,PhD,,,,
,Aidan,Conner,AidanConner,*AidanConner*321!,aidan_Conner@hotmail.com,S9114481T,81344187,20,Bachelor,,,,
,Douglas,Mark,DouglasMark,*DouglasMark*321!,douglas_Mark@yahoo.com,S9107823V,87149680,23,Professional Certification,,,,
,Albert,Keith,AlbertKeith,*AlbertKeith*321!,albert_Keith@gmail.com,S7416987H,94667723,27,PhD,,,,
,Jimmy,Glen,JimmyGlen,*JimmyGlen*321!,jimmy_Glen@hotmail.com,S9110683K,88917375,11,Master,,,,
,Dave,Orlando,DaveOrlando,*DaveOrlando*321!,dave_Orlando@msn.com,S7422205O,97433417,7,Bachelor,,,,
,Neil,Paul,NeilPaul,*NeilPaul*321!,neil_Paul@yahoo.com,T0013010Y,83319015,8,Master,,,,
,Romeo,Blake,RomeoBlake,*RomeoBlake*321!,romeo_Blake@alibaba.com,S8235149A,88077010,23,Master,,,,
,Neil,Harold,NeilHarold,*NeilHarold*321!,neil_Harold@hotmail.com,S7903471A,98641117,1,Diploma,,,,
,Liam,Ethan,LiamEthan,*LiamEthan*321!,liam_Ethan@msn.com,S7022855U,85453205,8,Bachelor,,,,
,Julian,Brian,JulianBrian,*JulianBrian*321!,julian_Brian@hotmail.com,S8831473T,95090372,18,Diploma,,,,
,Stuart,Adrian,StuartAdrian,*StuartAdrian*321!,stuart_Adrian@huawei.com,S7516529H,88300363,23,Diploma,,,,
,Morris,Rick,MorrisRick,*MorrisRick*321!,morris_Rick@gmail.com,S8301618U,94591454,16,PhD,,,,
,Hunter,Joey,HunterJoey,*HunterJoey*321!,hunter_Joey@huawei.com,S8019224C,98018874,12,PhD,,,,
,Jerry,Albert,JerryAlbert,*JerryAlbert*321!,jerry_Albert@yahoo.com,S9617455H,88237948,14,Master,,,,
,Robin,Dan,RobinDan,*RobinDan*321!,robin_Dan@alibaba.com,T0034802E,82414271,25,PhD,,,,
,Eli,Cedric,EliCedric,*EliCedric*321!,eli_Cedric@huawei.com,S6935193T,89551745,4,Master,,,,
,Claude,Robin,ClaudeRobin,*ClaudeRobin*321!,claude_Robin@alibaba.com,S7636523L,87583537,26,Professional Certification,,,,
,Jaime,Marlin,JaimeMarlin,*JaimeMarlin*321!,jaime_Marlin@alibaba.com,S8327157T,92859170,22,Bachelor,,,,
,Shane,Julian,ShaneJulian,*ShaneJulian*321!,shane_Julian@alibaba.com,S9525727Q,92275326,1,Professional Certification,,,,
,Jaime,Joe,JaimeJoe,*JaimeJoe*321!,jaime_Joe@gmail.com,S8938560C,82274571,28,Bachelor,,,,
,Shane,Jimmy,ShaneJimmy,*ShaneJimmy*321!,shane_Jimmy@msn.com,S9305875B,89791967,18,Diploma,,,,
,Clark,Stefan,ClarkStefan,*ClarkStefan*321!,clark_Stefan@hotmail.com,S8302684A,85291182,11,PhD,,,,
,Nick,Christopher,NickChristopher,*NickChristopher*321!,nick_Christopher@huawei.com,S8130377H,88630349,26,Professional Certification,,,,
,Ramon,Philip,RamonPhilip,*RamonPhilip*321!,ramon_Philip@msn.com,S7603114O,96147040,5,PhD,,,,
,Eli,Clark,EliClark,*EliClark*321!,eli_Clark@msn.com,S9510812Q,82035864,19,Professional Certification,,,,
,Joshua,Peter,JoshuaPeter,*JoshuaPeter*321!,joshua_Peter@alibaba.com,S9515596R,98128268,15,Master,,,,
,Scott,Jessie,ScottJessie,*ScottJessie*321!,scott_Jessie@hotmail.com,S9108499C,99188659,20,Professional Certification,,,,
,Glen,Stefan,GlenStefan,*GlenStefan*321!,glen_Stefan@alibaba.com,S8134830P,98947532,28,Diploma,,,,
,Rick,Albert,RickAlbert,*RickAlbert*321!,rick_Albert@yahoo.com,S8920973C,95430183,5,PhD,,,,
,Ethan,Noel,EthanNoel,*EthanNoel*321!,ethan_Noel@yahoo.com,T0009404P,86335270,10,Professional Certification,,,,
,Craig,Craig,CraigCraig,*CraigCraig*321!,craig_Craig@msn.com,S8618914L,80286070,4,Professional Certification,,,,
,Marion,Shawn,MarionShawn,*MarionShawn*321!,marion_Shawn@huawei.com,S9306130F,98237613,21,PhD,,,,
,Shawn,Dave,ShawnDave,*ShawnDave*321!,shawn_Dave@alibaba.com,S8503886U,81107758,8,Master,,,,
,Jerry,Joe,JerryJoe,*JerryJoe*321!,jerry_Joe@huawei.com,S7207052E,83589286,25,Master,,,,
,Charlie,Douglas,CharlieDouglas,*CharlieDouglas*321!,charlie_Douglas@msn.com,S7330056W,82050195,18,Bachelor,,,,
,Ricardo,Alexis,RicardoAlexis,*RicardoAlexis*321!,ricardo_Alexis@hotmail.com,S7331953F,86705564,7,Professional Certification,,,,
,Gilbert,Nick,GilbertNick,*GilbertNick*321!,gilbert_Nick@huawei.com,S9039632V,84567027,19,Master,,,,
,Connor,Lewis,ConnorLewis,*ConnorLewis*321!,connor_Lewis@msn.com,S9010201S,93373003,26,Master,,,,
,Craig,Roberto,CraigRoberto,*CraigRoberto*321!,craig_Roberto@alibaba.com,S8702827P,90498434,22,Professional Certification,,,,
,Brian,Eli,BrianEli,*BrianEli*321!,brian_Eli@msn.com,S8408222Y,97132901,24,Professional Certification,,,,
,Adrian,Nick,AdrianNick,*AdrianNick*321!,adrian_Nick@hotmail.com,S9123482V,89892684,9,PhD,,,,
,Alberto,Perry,AlbertoPerry,*AlbertoPerry*321!,alberto_Perry@hotmail.com,S7406921X,80791127,5,Diploma,,,,
,Jerry,Lewis,JerryLewis,*JerryLewis*321!,jerry_Lewis@alibaba.com,T0007561S,93892696,22,Master,,,,
,Charlie,Jorge,CharlieJorge,*CharlieJorge*321!,charlie_Jorge@hotmail.com,S8124968A,80565846,11,PhD,,,,
,Brian,Brian,BrianBrian,*BrianBrian*321!,brian_Brian@gmail.com,S8904979K,85602932,16,Master,,,,
,Harold,Sebastian,HaroldSebastian,*HaroldSebastian*321!,harold_Sebastian@gmail.com,S9121580D,99993323,12,Diploma,,,,
,Scott,Douglas,ScottDouglas,*ScottDouglas*321!,scott_Douglas@gmail.com,S7120212J,81589894,12,Professional Certification,,,,
,Blake,Troy,BlakeTroy,*BlakeTroy*321!,blake_Troy@yahoo.com,S7901786Q,92247589,8,Diploma,,,,
,Riley,Rick,RileyRick,*RileyRick*321!,riley_Rick@hotmail.com,S8617382F,96683534,28,Bachelor,,,,
,Aaron,Charlie,AaronCharlie,*AaronCharlie*321!,aaron_Charlie@alibaba.com,S9002301S,93564115,26,PhD,,,,
,Seth,Neil,SethNeil,*SethNeil*321!,seth_Neil@hotmail.com,S9828849X,80624603,18,Professional Certification,,,,
,Alberto,Ron,AlbertoRon,*AlbertoRon*321!,alberto_Ron@gmail.com,S8005095Z,90797363,12,Bachelor,,,,
,Martin,Liam,MartinLiam,*MartinLiam*321!,martin_Liam@msn.com,S7834830R,90349081,17,PhD,,,,
,Albert,Charlie,AlbertCharlie,*AlbertCharlie*321!,albert_Charlie@alibaba.com,S7921821V,88245409,7,Bachelor,,,,
,Troy,Peter,TroyPeter,*TroyPeter*321!,troy_Peter@yahoo.com,S9900180V,97424841,11,Bachelor,,,,
,Nathaniel,Seth,NathanielSeth,*NathanielSeth*321!,nathaniel_Seth@yahoo.com,S9939809H,81729153,22,PhD,,,,
,Nick,Marlin,NickMarlin,*NickMarlin*321!,nick_Marlin@huawei.com,S8401446K,99927354,12,Diploma,,,,
,Rick,Harold,RickHarold,*RickHarold*321!,rick_Harold@alibaba.com,S8308263U,98816956,6,Master,,,,
,Brian,Ricardo,BrianRicardo,*BrianRicardo*321!,brian_Ricardo@hotmail.com,S7013350B,92841958,13,PhD,,,,
,Joshua,Ethan,JoshuaEthan,*JoshuaEthan*321!,joshua_Ethan@gmail.com,S7618434J,80980236,10,Professional Certification,,,,
,Joe,Mark,JoeMark,*JoeMark*321!,joe_Mark@gmail.com,S8521842Y,96944517,25,PhD,,,,
,Johnny,Adrian,JohnnyAdrian,*JohnnyAdrian*321!,johnny_Adrian@hotmail.com,S8204062N,83244817,5,Master,,,,
,Sebastian,Wade,SebastianWade,*SebastianWade*321!,sebastian_Wade@huawei.com,S8930286C,97171156,13,Master,,,,
,Seth,Jaime,SethJaime,*SethJaime*321!,seth_Jaime@gmail.com,S7939521P,92154931,16,Diploma,,,,
,Stuart,Eli,StuartEli,*StuartEli*321!,stuart_Eli@yahoo.com,S8012054R,94658415,24,Professional Certification,,,,
,Stefan,Liam,StefanLiam,*StefanLiam*321!,stefan_Liam@alibaba.com,S8301945V,81435060,11,Master,,,,
,Jessie,Ricardo,JessieRicardo,*JessieRicardo*321!,jessie_Ricardo@hotmail.com,S9221050F,90088645,25,PhD,,,,
,Noel,Miles,NoelMiles,*NoelMiles*321!,noel_Miles@huawei.com,S7532680A,84064894,7,Master,,,,
,Morris,Albert,MorrisAlbert,*MorrisAlbert*321!,morris_Albert@alibaba.com,S7322465M,97874949,19,Master,,,,
,Peter,Connor,PeterConnor,*PeterConnor*321!,peter_Connor@huawei.com,S8101827R,96891158,27,Diploma,,,,
,Julian,Nathaniel,JulianNathaniel,*JulianNathaniel*321!,julian_Nathaniel@huawei.com,S8136671X,87068861,8,Diploma,,,,
,Albert,Perry,AlbertPerry,*AlbertPerry*321!,albert_Perry@msn.com,S9720577U,80907407,27,Diploma,,,,
,Ernest,Hunter,ErnestHunter,*ErnestHunter*321!,ernest_Hunter@hotmail.com,S8101315K,85854971,25,Professional Certification,,,,
,Ethan,Greyson,EthanGreyson,*EthanGreyson*321!,ethan_Greyson@huawei.com,S9706913S,84163953,25,Master,,,,
,Nathaniel,Marlin,NathanielMarlin,*NathanielMarlin*321!,nathaniel_Marlin@hotmail.com,S7818449I,98448544,13,Professional Certification,,,,
,Harold,Marion,HaroldMarion,*HaroldMarion*321!,harold_Marion@hotmail.com,S7537877J,89975352,7,Diploma,,,,
,Ramon,Luka,RamonLuka,*RamonLuka*321!,ramon_Luka@hotmail.com,S9535363E,86700440,3,Master,,,,
,Connor,Kingston,ConnorKingston,*ConnorKingston*321!,connor_Kingston@gmail.com,S8231758V,98785690,11,Bachelor,,,,
,Mark,Tristin,MarkTristin,*MarkTristin*321!,mark_Tristin@msn.com,S6924722B,98910682,12,PhD,,,,
,Robin,Albert,RobinAlbert,*RobinAlbert*321!,robin_Albert@msn.com,S7915159R,83170627,16,Diploma,,,,
,Roberto,Lewis,RobertoLewis,*RobertoLewis*321!,roberto_Lewis@msn.com,S9535752I,82738536,6,Bachelor,,,,
,Keith,Robin,KeithRobin,*KeithRobin*321!,keith_Robin@gmail.com,S8229614T,80757596,26,Diploma,,,,
,Riley,Peter,RileyPeter,*RileyPeter*321!,riley_Peter@hotmail.com,S9205721D,90736134,19,Bachelor,,,,
,Hector,Fred,HectorFred,*HectorFred*321!,hector_Fred@msn.com,T0025051W,86867251,3,PhD,,,,
,Morris,Charlie,MorrisCharlie,*MorrisCharlie*321!,morris_Charlie@gmail.com,S7534679Q,91135298,21,Bachelor,,,,
,Charlie,Dan,CharlieDan,*CharlieDan*321!,charlie_Dan@alibaba.com,S8417090R,98741793,7,Diploma,,,,
,Keith,Julian,KeithJulian,*KeithJulian*321!,keith_Julian@hotmail.com,S9511538X,80236519,30,Diploma,,,,
,Troy,Perry,TroyPerry,*TroyPerry*321!,troy_Perry@huawei.com,S9106787B,93397496,11,Diploma,,,,
,Kingston,Ted,KingstonTed,*KingstonTed*321!,kingston_Ted@hotmail.com,S9411519F,95027318,17,PhD,,,,
,Samuel,Jerry,SamuelJerry,*SamuelJerry*321!,samuel_Jerry@alibaba.com,S8718599G,89911746,6,Professional Certification,,,,
,Harold,Joshua,HaroldJoshua,*HaroldJoshua*321!,harold_Joshua@hotmail.com,S7833192E,97248766,27,Bachelor,,,,
,Aaron,Aaron,AaronAaron,*AaronAaron*321!,aaron_Aaron@gmail.com,S9724066A,92616283,10,Bachelor,,,,
,Gerald,Tristin,GeraldTristin,*GeraldTristin*321!,gerald_Tristin@msn.com,S9801160M,82445029,8,Bachelor,,,,
,Miles,Hunter,MilesHunter,*MilesHunter*321!,miles_Hunter@alibaba.com,S8710798O,80284296,7,PhD,,,,
,Eli,Troy,EliTroy,*EliTroy*321!,eli_Troy@gmail.com,T0033704M,89282729,8,Bachelor,,,,
,Milton,Neil,MiltonNeil,*MiltonNeil*321!,milton_Neil@yahoo.com,S9424423S,88507438,9,Professional Certification,,,,
,Sandy,Tristin,SandyTristin,*SandyTristin*321!,sandy_Tristin@huawei.com,S8709961G,94645379,2,Professional Certification,,,,
,Gilbert,Hector,GilbertHector,*GilbertHector*321!,gilbert_Hector@alibaba.com,S9931497N,97923123,15,Bachelor,,,,
,Peter,Adrian,PeterAdrian,*PeterAdrian*321!,peter_Adrian@msn.com,S8604990L,83372446,29,Master,,,,
,Luka,Scott,LukaScott,*LukaScott*321!,luka_Scott@alibaba.com,T0032912Y,88559686,27,PhD,,,,
,Harvey,Cedric,HarveyCedric,*HarveyCedric*321!,harvey_Cedric@msn.com,S7431398Y,97659796,23,Professional Certification,,,,
,Sebastian,Peter,SebastianPeter,*SebastianPeter*321!,sebastian_Peter@msn.com,S9910176F,92546647,10,Bachelor,,,,
,Bruce,Ramon,BruceRamon,*BruceRamon*321!,bruce_Ramon@yahoo.com,S8100487L,92652534,5,Master,,,,
,Wiley,Paul,WileyPaul,*WileyPaul*321!,wiley_Paul@gmail.com,S8927689V,91894907,15,Bachelor,,,,
,Marlin,Craig,MarlinCraig,*MarlinCraig*321!,marlin_Craig@huawei.com,S7908807E,81524434,2,Diploma,,,,
,Roberto,Ramon,RobertoRamon,*RobertoRamon*321!,roberto_Ramon@alibaba.com,S8401091N,81932986,27,Master,,,,
,Orlando,Victor,OrlandoVictor,*OrlandoVictor*321!,orlando_Victor@gmail.com,S8829493B,95218826,10,Diploma,,,,
,Jerry,Marion,JerryMarion,*JerryMarion*321!,jerry_Marion@gmail.com,S8115898J,80079830,9,Master,,,,
,Clarence,Jimmy,ClarenceJimmy,*ClarenceJimmy*321!,clarence_Jimmy@gmail.com,S9032832P,83830970,27,Master,,,,
,Harvey,Mark,HarveyMark,*HarveyMark*321!,harvey_Mark@yahoo.com,S8623256X,80326491,25,Diploma,,,,
,Jimmy,Stuart,JimmyStuart,*JimmyStuart*321!,jimmy_Stuart@alibaba.com,S9429810L,92839398,30,Bachelor,,,,
,Jerry,Tristin,JerryTristin,*JerryTristin*321!,jerry_Tristin@msn.com,S8602695M,99121626,16,Diploma,,,,
,Neil,Seth,NeilSeth,*NeilSeth*321!,neil_Seth@gmail.com,S9514461V,94335115,16,Master,,,,
,Stefan,Jorge,StefanJorge,*StefanJorge*321!,stefan_Jorge@alibaba.com,S7211695D,88843057,14,Diploma,,,,
,Martin,Paul,MartinPaul,*MartinPaul*321!,martin_Paul@alibaba.com,S7925320H,83062630,13,Diploma,,,,
,Ramon,Rick,RamonRick,*RamonRick*321!,ramon_Rick@msn.com,S9606008T,84347870,3,Professional Certification,,,,
,Jorge,Nathaniel,JorgeNathaniel,*JorgeNathaniel*321!,jorge_Nathaniel@alibaba.com,S8523335V,87828607,11,Diploma,,,,
,Dave,Cedric,DaveCedric,*DaveCedric*321!,dave_Cedric@gmail.com,S8406447T,96017091,20,PhD,,,,
,Antonio,Nathaniel,AntonioNathaniel,*AntonioNathaniel*321!,antonio_Nathaniel@yahoo.com,S9804293X,94678909,16,Master,,,,
,Riley,Conner,RileyConner,*RileyConner*321!,riley_Conner@yahoo.com,S8502031C,89074701,25,Bachelor,,,,
,Hector,Ron,HectorRon,*HectorRon*321!,hector_Ron@hotmail.com,S7523704R,88112150,13,Bachelor,,,,
,Hector,Rick,HectorRick,*HectorRick*321!,hector_Rick@yahoo.com,S8415054L,84329926,19,Diploma,,,,
,Joshua,Philip,JoshuaPhilip,*JoshuaPhilip*321!,joshua_Philip@alibaba.com,S8020115U,84371341,6,PhD,,,,
,Benjamin,Hunter,BenjaminHunter,*BenjaminHunter*321!,benjamin_Hunter@yahoo.com,S6901000Q,90556753,2,Professional Certification,,,,
,Hector,Brian,HectorBrian,*HectorBrian*321!,hector_Brian@gmail.com,S7126042C,83399161,17,Diploma,,,,
,Robin,Johnny,RobinJohnny,*RobinJohnny*321!,robin_Johnny@huawei.com,S7926027A,99513218,12,Master,,,,
,Marlin,Jorge,MarlinJorge,*MarlinJorge*321!,marlin_Jorge@msn.com,S8723282S,90654877,24,PhD,,,,
,Milton,Clark,MiltonClark,*MiltonClark*321!,milton_Clark@msn.com,S7923424A,91513766,5,PhD,,,,
,Julian,Philip,JulianPhilip,*JulianPhilip*321!,julian_Philip@hotmail.com,S8011374D,98280012,11,Bachelor,,,,
,Luka,Hunter,LukaHunter,*LukaHunter*321!,luka_Hunter@yahoo.com,S8339050E,87625585,3,Bachelor,,,,
,Stefan,Dave,StefanDave,*StefanDave*321!,stefan_Dave@hotmail.com,S8230040D,95498791,27,Master,,,,
,Christopher,Harold,ChristopherHarold,*ChristopherHarold*321!,christopher_Harold@alibaba.com,S7226542K,84318025,30,PhD,,,,
,Marshall,Riley,MarshallRiley,*MarshallRiley*321!,marshall_Riley@yahoo.com,S7618419N,81281579,7,PhD,,,,
,Everett,Lewis,EverettLewis,*EverettLewis*321!,everett_Lewis@gmail.com,S9931795B,96291077,12,Master,,,,
,Rick,Martin,RickMartin,*RickMartin*321!,rick_Martin@hotmail.com,S9601377P,88982336,17,PhD,,,,
,Joshua,Stefan,JoshuaStefan,*JoshuaStefan*321!,joshua_Stefan@gmail.com,S8123218V,95426225,24,Bachelor,,,,
,Alberto,Lewis,AlbertoLewis,*AlbertoLewis*321!,alberto_Lewis@alibaba.com,S9303146V,96830592,17,Professional Certification,,,,
,Ricardo,Ivan,RicardoIvan,*RicardoIvan*321!,ricardo_Ivan@msn.com,S8708192D,81773011,8,Diploma,,,,
,Ernest,Jessie,ErnestJessie,*ErnestJessie*321!,ernest_Jessie@msn.com,S7239150U,82512208,25,Professional Certification,,,,
,Christopher,Seth,ChristopherSeth,*ChristopherSeth*321!,christopher_Seth@msn.com,S9406437L,86708683,26,Bachelor,,,,
,Wade,Everett,WadeEverett,*WadeEverett*321!,wade_Everett@alibaba.com,S8739123I,83206386,27,Bachelor,,,,
,Terry,Roberto,TerryRoberto,*TerryRoberto*321!,terry_Roberto@hotmail.com,S9321817E,95231291,10,PhD,,,,
,Rick,Ivan,RickIvan,*RickIvan*321!,rick_Ivan@alibaba.com,T0027152E,86768868,25,Bachelor,,,,
,Dave,Philip,DavePhilip,*DavePhilip*321!,dave_Philip@hotmail.com,S9335869Y,84228127,6,Bachelor,,,,
,Jorge,Albert,JorgeAlbert,*JorgeAlbert*321!,jorge_Albert@gmail.com,S9123667V,87918966,2,PhD,,,,
,Alberto,Stefan,AlbertoStefan,*AlbertoStefan*321!,alberto_Stefan@huawei.com,S7611830A,99353216,23,Diploma,,,,
,Scott,Fred,ScottFred,*ScottFred*321!,scott_Fred@huawei.com,S7808036L,93121614,24,Master,,,,
,Harold,Nathaniel,HaroldNathaniel,*HaroldNathaniel*321!,harold_Nathaniel@msn.com,T0034491I,99601483,17,Master,,,,
,Mark,Lewis,MarkLewis,*MarkLewis*321!,mark_Lewis@hotmail.com,S8723145P,92140956,30,PhD,,,,
,Jerry,Blake,JerryBlake,*JerryBlake*321!,jerry_Blake@alibaba.com,S9735258N,80900103,27,Diploma,,,,
,Ricardo,Cedric,RicardoCedric,*RicardoCedric*321!,ricardo_Cedric@alibaba.com,S9717092A,84521174,28,Professional Certification,,,,
,Martin,Milton,MartinMilton,*MartinMilton*321!,martin_Milton@alibaba.com,S9020525E,95984423,19,Master,,,,
,Gilbert,Scott,GilbertScott,*GilbertScott*321!,gilbert_Scott@yahoo.com,S9103599W,84897526,7,PhD,,,,
,Miles,Benjamin,MilesBenjamin,*MilesBenjamin*321!,miles_Benjamin@msn.com,S7116631X,92991387,26,Bachelor,,,,
,Lewis,Aaron,LewisAaron,*LewisAaron*321!,lewis_Aaron@hotmail.com,S8412853G,84186343,13,Diploma,,,,
,Scott,Wade,ScottWade,*ScottWade*321!,scott_Wade@hotmail.com,S7219279J,95992639,14,Master,,,,
,Stefan,Ramon,StefanRamon,*StefanRamon*321!,stefan_Ramon@hotmail.com,S8720175D,83087299,19,Diploma,,,,
,Milton,Luka,MiltonLuka,*MiltonLuka*321!,milton_Luka@gmail.com,S9927543I,98948672,26,Bachelor,,,,
,Dan,Seth,DanSeth,*DanSeth*321!,dan_Seth@yahoo.com,S9108569W,89391938,7,PhD,,,,
,Hunter,Jaime,HunterJaime,*HunterJaime*321!,hunter_Jaime@gmail.com,S9605310E,94248099,19,Professional Certification,,,,
,Carlos,Paul,CarlosPaul,*CarlosPaul*321!,carlos_Paul@alibaba.com,S7914620H,80029713,17,Diploma,,,,
,Brian,Everett,BrianEverett,*BrianEverett*321!,brian_Everett@alibaba.com,S8532372F,86817637,21,Master,,,,
,Noel,Everett,NoelEverett,*NoelEverett*321!,noel_Everett@hotmail.com,S7532622G,91683530,23,Diploma,,,,
,Connor,Perry,ConnorPerry,*ConnorPerry*321!,connor_Perry@huawei.com,S8712183B,99161139,1,Diploma,,,,
,Benjamin,Fred,BenjaminFred,*BenjaminFred*321!,benjamin_Fred@alibaba.com,S8619847V,83923518,12,PhD,,,,
,Alexis,Jerry,AlexisJerry,*AlexisJerry*321!,alexis_Jerry@huawei.com,S8015757O,88516887,3,Professional Certification,,,,
,Albert,Aaron,AlbertAaron,*AlbertAaron*321!,albert_Aaron@yahoo.com,S9311413J,89785945,23,Diploma,,,,
,Nick,Seth,NickSeth,*NickSeth*321!,nick_Seth@hotmail.com,S8318605U,86354779,20,Bachelor,,,,
,Milton,Miles,MiltonMiles,*MiltonMiles*321!,milton_Miles@gmail.com,S9719032I,81924949,5,Professional Certification,,,,
,Peter,Alberto,PeterAlberto,*PeterAlberto*321!,peter_Alberto@alibaba.com,S7316178P,84242208,7,Bachelor,,,,
,Hunter,Harvey,HunterHarvey,*HunterHarvey*321!,hunter_Harvey@yahoo.com,S8527402I,85190148,2,PhD,,,,
,Albert,Joe,AlbertJoe,*AlbertJoe*321!,albert_Joe@alibaba.com,S9705807T,87110345,15,Bachelor,,,,
,Stuart,Philip,StuartPhilip,*StuartPhilip*321!,stuart_Philip@gmail.com,S8926936F,89319312,7,PhD,,,,
,Wade,Ivan,WadeIvan,*WadeIvan*321!,wade_Ivan@hotmail.com,S8432308A,86406055,12,PhD,,,,
,Joey,Ernest,JoeyErnest,*JoeyErnest*321!,joey_Ernest@gmail.com,S8435877S,99169778,20,Diploma,,,,
,Lewis,Scott,LewisScott,*LewisScott*321!,lewis_Scott@gmail.com,S9817682Y,84433642,30,Diploma,,,,
,Sebastian,Wiley,SebastianWiley,*SebastianWiley*321!,sebastian_Wiley@huawei.com,S9818638V,87051174,2,Professional Certification,,,,
,Douglas,Nick,DouglasNick,*DouglasNick*321!,douglas_Nick@gmail.com,S8537115U,92080629,6,Diploma,,,,
,Scott,Sandy,ScottSandy,*ScottSandy*321!,scott_Sandy@yahoo.com,S8023106P,88298247,1,PhD,,,,
,Ted,Jaime,TedJaime,*TedJaime*321!,ted_Jaime@msn.com,S7114405Y,88623873,9,Diploma,,,,
,Jorge,Liam,JorgeLiam,*JorgeLiam*321!,jorge_Liam@yahoo.com,S7936892Y,81487087,1,PhD,,,,
,Paul,Mark,PaulMark,*PaulMark*321!,paul_Mark@alibaba.com,S7634987J,87129593,23,Master,,,,
,Craig,Ethan,CraigEthan,*CraigEthan*321!,craig_Ethan@huawei.com,S7038512S,84685385,28,Diploma,,,,
,Christopher,Keith,ChristopherKeith,*ChristopherKeith*321!,christopher_Keith@yahoo.com,S7823608Y,98089623,8,Bachelor,,,,
,Gerald,Stuart,GeraldStuart,*GeraldStuart*321!,gerald_Stuart@msn.com,S8807368U,85224259,23,Diploma,,,,
,Joshua,Ernest,JoshuaErnest,*JoshuaErnest*321!,joshua_Ernest@yahoo.com,S8428951R,85235153,14,PhD,,,,
,Arthur,Riley,ArthurRiley,*ArthurRiley*321!,arthur_Riley@gmail.com,S7229064N,83302565,3,Master,,,,
,Paul,Harvey,PaulHarvey,*PaulHarvey*321!,paul_Harvey@msn.com,S7627475U,82745303,7,Professional Certification,,,,
,Cedric,Hector,CedricHector,*CedricHector*321!,cedric_Hector@hotmail.com,S7823245N,85481923,10,PhD,,,,
,Marshall,Ivan,MarshallIvan,*MarshallIvan*321!,marshall_Ivan@msn.com,S7726739V,93300818,18,Bachelor,,,,
,Albert,Carlos,AlbertCarlos,*AlbertCarlos*321!,albert_Carlos@msn.com,S9110291W,82303254,5,Master,,,,
,Gilbert,Douglas,GilbertDouglas,*GilbertDouglas*321!,gilbert_Douglas@msn.com,S7806755F,83819655,29,Master,,,,
,Dave,Paul,DavePaul,*DavePaul*321!,dave_Paul@alibaba.com,S7802807U,85555293,5,PhD,,,,
,Antonio,Keith,AntonioKeith,*AntonioKeith*321!,antonio_Keith@hotmail.com,S8639832F,92851778,25,Diploma,,,,
,Marlin,Samuel,MarlinSamuel,*MarlinSamuel*321!,marlin_Samuel@gmail.com,S7412862K,88148533,13,Master,,,,
,Romeo,Wade,RomeoWade,*RomeoWade*321!,romeo_Wade@alibaba.com,S8827865U,87308296,23,Bachelor,,,,
,Shane,Fred,ShaneFred,*ShaneFred*321!,shane_Fred@alibaba.com,S7232275C,93961862,6,Bachelor,,,,
,Ramon,Ricardo,RamonRicardo,*RamonRicardo*321!,ramon_Ricardo@gmail.com,S9125895V,83900131,28,Diploma,,,,
,Joey,Benjamin,JoeyBenjamin,*JoeyBenjamin*321!,joey_Benjamin@gmail.com,S8221623C,92783632,8,Professional Certification,,,,
,Fred,Shane,FredShane,*FredShane*321!,fred_Shane@hotmail.com,T0026685V,85975888,14,PhD,,,,
,Kingston,Robin,KingstonRobin,*KingstonRobin*321!,kingston_Robin@gmail.com,S9837670S,86585102,21,Bachelor,,,,
,Samuel,Douglas,SamuelDouglas,*SamuelDouglas*321!,samuel_Douglas@msn.com,S9335713Q,87672429,19,Bachelor,,,,
,Keith,Philip,KeithPhilip,*KeithPhilip*321!,keith_Philip@yahoo.com,S7429016C,95729235,4,Bachelor,,,,
,Fred,Tristin,FredTristin,*FredTristin*321!,fred_Tristin@hotmail.com,S8215721O,85153246,12,PhD,,,,
,Everett,Paul,EverettPaul,*EverettPaul*321!,everett_Paul@msn.com,S7517363N,93603814,7,Professional Certification,,,,
,Gerald,Clarence,GeraldClarence,*GeraldClarence*321!,gerald_Clarence@huawei.com,S7500335R,86129968,26,Bachelor,,,,
,Harvey,Douglas,HarveyDouglas,*HarveyDouglas*321!,harvey_Douglas@yahoo.com,S9501390P,93761755,25,Professional Certification,,,,
,Marlin,Douglas,MarlinDouglas,*MarlinDouglas*321!,marlin_Douglas@hotmail.com,S8507897Q,87805007,12,Master,,,,
,Hector,Ethan,HectorEthan,*HectorEthan*321!,hector_Ethan@alibaba.com,S7915695M,89072660,23,Master,,,,
,Benjamin,Cedric,BenjaminCedric,*BenjaminCedric*321!,benjamin_Cedric@yahoo.com,S7512727T,80961784,21,Master,,,,
,Greyson,Dan,GreysonDan,*GreysonDan*321!,greyson_Dan@huawei.com,S7602812Y,87382350,24,Master,,,,
,Benjamin,Julian,BenjaminJulian,*BenjaminJulian*321!,benjamin_Julian@yahoo.com,S8733715Y,81561514,6,Bachelor,,,,
,Romeo,Rick,RomeoRick,*RomeoRick*321!,romeo_Rick@alibaba.com,S7003395W,97990759,24,Professional Certification,,,,
,Jimmy,Noel,JimmyNoel,*JimmyNoel*321!,jimmy_Noel@yahoo.com,S7926705E,81209328,25,Master,,,,
,Roberto,Blake,RobertoBlake,*RobertoBlake*321!,roberto_Blake@gmail.com,S9703638H,90534418,7,Bachelor,,,,
,Ivan,Marion,IvanMarion,*IvanMarion*321!,ivan_Marion@msn.com,S7313848L,92475946,10,Master,,,,
,Ricardo,Gilbert,RicardoGilbert,*RicardoGilbert*321!,ricardo_Gilbert@hotmail.com,S9202259I,90947692,26,Bachelor,,,,
,Milton,Aidan,MiltonAidan,*MiltonAidan*321!,milton_Aidan@alibaba.com,S8634303X,92176006,27,Diploma,,,,
,Marlin,Jerry,MarlinJerry,*MarlinJerry*321!,marlin_Jerry@yahoo.com,S8238544Q,84045696,17,Diploma,,,,
,Aidan,Antonio,AidanAntonio,*AidanAntonio*321!,aidan_Antonio@alibaba.com,S9314979N,80934368,15,Bachelor,,,,
,Paul,Scott,PaulScott,*PaulScott*321!,paul_Scott@hotmail.com,S8029097B,85420240,22,Master,,,,
,Conner,Peter,ConnerPeter,*ConnerPeter*321!,conner_Peter@alibaba.com,S9711072X,92704155,7,PhD,,,,
,Terry,Ernest,TerryErnest,*TerryErnest*321!,terry_Ernest@huawei.com,S9636449X,80301666,2,Bachelor,,,,
,Miles,Wiley,MilesWiley,*MilesWiley*321!,miles_Wiley@gmail.com,S7311042X,93068719,12,Professional Certification,,,,
,Morris,Douglas,MorrisDouglas,*MorrisDouglas*321!,morris_Douglas@msn.com,S9834912N,96158617,11,Professional Certification,,,,
,Ron,Clark,RonClark,*RonClark*321!,ron_Clark@gmail.com,S9002093K,83900644,14,Diploma,,,,
,Adrian,Clarence,AdrianClarence,*AdrianClarence*321!,adrian_Clarence@hotmail.com,S9518502X,87915088,4,Bachelor,,,,
,Jaime,George,JaimeGeorge,*JaimeGeorge*321!,jaime_George@alibaba.com,S7113074R,99178894,7,Professional Certification,,,,
,Rick,Keith,RickKeith,*RickKeith*321!,rick_Keith@alibaba.com,S9218888L,95365211,4,Professional Certification,,,,
,Victor,Scott,VictorScott,*VictorScott*321!,victor_Scott@hotmail.com,S8134536H,83053019,2,Diploma,,,,
,Troy,Ramon,TroyRamon,*TroyRamon*321!,troy_Ramon@alibaba.com,S7739418P,82765675,3,Master,,,,
,Harvey,Tommy,HarveyTommy,*HarveyTommy*321!,harvey_Tommy@alibaba.com,S7512013A,84529533,6,Master,,,,
,Paul,Claude,PaulClaude,*PaulClaude*321!,paul_Claude@gmail.com,S7503099I,96852869,10,Diploma,,,,
,Carlos,Shane,CarlosShane,*CarlosShane*321!,carlos_Shane@alibaba.com,S7104781C,81256437,23,PhD,,,,
,Tristin,Clarence,TristinClarence,*TristinClarence*321!,tristin_Clarence@alibaba.com,S8420808Y,85053353,12,Diploma,,,,
,Craig,Shane,CraigShane,*CraigShane*321!,craig_Shane@alibaba.com,S8201691I,86616483,6,Professional Certification,,,,
,Marion,Lewis,MarionLewis,*MarionLewis*321!,marion_Lewis@gmail.com,S8326552N,83921380,22,Bachelor,,,,
,Hunter,Ron,HunterRon,*HunterRon*321!,hunter_Ron@huawei.com,S9218264V,86545076,18,Diploma,,,,
,Mark,Philip,MarkPhilip,*MarkPhilip*321!,mark_Philip@msn.com,S9534028W,82658841,18,Professional Certification,,,,
,Douglas,Aaron,DouglasAaron,*DouglasAaron*321!,douglas_Aaron@yahoo.com,S9303368A,87126425,4,Master,,,,
,Keith,Aidan,KeithAidan,*KeithAidan*321!,keith_Aidan@alibaba.com,S8214947T,97651489,28,Bachelor,,,,
,Ron,Luka,RonLuka,*RonLuka*321!,ron_Luka@hotmail.com,S8812480S,96535998,13,Master,,,,
,Riley,Ted,RileyTed,*RileyTed*321!,riley_Ted@msn.com,S7138173K,90696189,30,Master,,,,
,Neil,Ron,NeilRon,*NeilRon*321!,neil_Ron@yahoo.com,S9930903I,98974467,5,Master,,,,
,Adrian,Antonio,AdrianAntonio,*AdrianAntonio*321!,adrian_Antonio@msn.com,S9702806X,89565469,13,Diploma,,,,
,Ricardo,Hunter,RicardoHunter,*RicardoHunter*321!,ricardo_Hunter@msn.com,S8034622W,99480241,24,PhD,,,,
,Hunter,Glen,HunterGlen,*HunterGlen*321!,hunter_Glen@msn.com,S7600755V,85457833,15,Diploma,,,,
,Ernest,Alexis,ErnestAlexis,*ErnestAlexis*321!,ernest_Alexis@alibaba.com,S8409147I,98505719,18,Professional Certification,,,,
,Joey,Adrian,JoeyAdrian,*JoeyAdrian*321!,joey_Adrian@hotmail.com,S7805658U,80453556,4,Diploma,,,,
,Ethan,Wiley,EthanWiley,*EthanWiley*321!,ethan_Wiley@huawei.com,S7600961Y,97548557,7,Professional Certification,,,,
,Aidan,Ted,AidanTed,*AidanTed*321!,aidan_Ted@hotmail.com,S8719075A,88082419,12,Diploma,,,,
,Orlando,Scott,OrlandoScott,*OrlandoScott*321!,orlando_Scott@huawei.com,S7915081K,87751261,12,Diploma,,,,
,Stuart,Ron,StuartRon,*StuartRon*321!,stuart_Ron@yahoo.com,S7213574P,85820755,16,PhD,,,,
,Joey,Fred,JoeyFred,*JoeyFred*321!,joey_Fred@gmail.com,S7617820B,96988036,6,Professional Certification,,,,
,Miles,Harold,MilesHarold,*MilesHarold*321!,miles_Harold@alibaba.com,S7416139O,98797349,11,Diploma,,,,
,Mark,Martin,MarkMartin,*MarkMartin*321!,mark_Martin@hotmail.com,S8407062D,92096333,11,Master,,,,
,Orlando,Stuart,OrlandoStuart,*OrlandoStuart*321!,orlando_Stuart@hotmail.com,S7322804K,98979868,30,PhD,,,,
,Nick,Ivan,NickIvan,*NickIvan*321!,nick_Ivan@msn.com,S7114329E,88544759,26,Master,,,,
,Harvey,Samuel,HarveySamuel,*HarveySamuel*321!,harvey_Samuel@hotmail.com,S7405814C,85119869,9,Master,,,,
,Stefan,Blake,StefanBlake,*StefanBlake*321!,stefan_Blake@yahoo.com,S1002187C,97430336,18,Bachelor,,,,
,Scott,Nathaniel,ScottNathaniel,*ScottNathaniel*321!,scott_Nathaniel@gmail.com,S8709751Y,97810299,25,Professional Certification,,,,
,Ethan,Ricardo,EthanRicardo,*EthanRicardo*321!,ethan_Ricardo@yahoo.com,S8504328B,90756206,22,Professional Certification,,,,
,Nick,Luka,NickLuka,*NickLuka*321!,nick_Luka@hotmail.com,S7539098B,87010368,2,Bachelor,,,,
,Antonio,Scott,AntonioScott,*AntonioScott*321!,antonio_Scott@huawei.com,S7424075O,83818181,23,Bachelor,,,,
,Marion,Bruce,MarionBruce,*MarionBruce*321!,marion_Bruce@yahoo.com,S8515029P,92573788,4,Bachelor,,,,
,Kingston,Philip,KingstonPhilip,*KingstonPhilip*321!,kingston_Philip@yahoo.com,S7632730F,98556286,15,Diploma,,,,
,Jimmy,Peter,JimmyPeter,*JimmyPeter*321!,jimmy_Peter@huawei.com,S9423408P,96881412,19,Bachelor,,,,
,Bruce,Riley,BruceRiley,*BruceRiley*321!,bruce_Riley@alibaba.com,S7325358L,88242546,23,Master,,,,
,Christopher,Jaime,ChristopherJaime,*ChristopherJaime*321!,christopher_Jaime@msn.com,S9013025F,93334239,25,Diploma,,,,
,Glen,Miles,GlenMiles,*GlenMiles*321!,glen_Miles@gmail.com,S9200123V,80240025,17,Master,,,,
,Jimmy,Roberto,JimmyRoberto,*JimmyRoberto*321!,jimmy_Roberto@alibaba.com,S7225391E,82567419,10,PhD,,,,
,Stuart,Carlos,StuartCarlos,*StuartCarlos*321!,stuart_Carlos@alibaba.com,S9301923V,97083250,6,Bachelor,,,,
,Shawn,Kingston,ShawnKingston,*ShawnKingston*321!,shawn_Kingston@hotmail.com,S7115816G,94369419,22,PhD,,,,
,Sebastian,Douglas,SebastianDouglas,*SebastianDouglas*321!,sebastian_Douglas@msn.com,S7531346Q,89608081,5,Diploma,,,,
,Kingston,Morris,KingstonMorris,*KingstonMorris*321!,kingston_Morris@gmail.com,S9009793W,82509160,29,Master,,,,
,Martin,Mark,MartinMark,*MartinMark*321!,martin_Mark@hotmail.com,S9212428S,97718841,18,Professional Certification,,,,
,Gerald,Luka,GeraldLuka,*GeraldLuka*321!,gerald_Luka@hotmail.com,S9725232Q,80995826,11,PhD,,,,
,Joey,Troy,JoeyTroy,*JoeyTroy*321!,joey_Troy@huawei.com,S8820948P,90299441,11,Professional Certification,,,,
,Hector,Samuel,HectorSamuel,*HectorSamuel*321!,hector_Samuel@huawei.com,S7813421M,95925778,13,PhD,,,,
,Peter,Ivan,PeterIvan,*PeterIvan*321!,peter_Ivan@alibaba.com,S8509703Y,84406788,14,Master,,,,
,Shawn,Joshua,ShawnJoshua,*ShawnJoshua*321!,shawn_Joshua@msn.com,S9620502P,98607847,27,Master,,,,
,Noel,Harold,NoelHarold,*NoelHarold*321!,noel_Harold@gmail.com,S8733890S,99385718,22,Diploma,,,,
,Harold,Mark,HaroldMark,*HaroldMark*321!,harold_Mark@alibaba.com,S8504166T,94322551,4,Professional Certification,,,,
,Hector,Tommy,HectorTommy,*HectorTommy*321!,hector_Tommy@yahoo.com,S8619981P,87465850,12,Master,,,,
,Troy,Mark,TroyMark,*TroyMark*321!,troy_Mark@gmail.com,T0015211B,99834736,4,Diploma,,,,
,Lewis,Ted,LewisTed,*LewisTed*321!,lewis_Ted@gmail.com,S7112790P,89590050,15,PhD,,,,
,Martin,Seth,MartinSeth,*MartinSeth*321!,martin_Seth@yahoo.com,S8908241N,90901515,19,Professional Certification,,,,
,Johnny,Dan,JohnnyDan,*JohnnyDan*321!,johnny_Dan@alibaba.com,S7307252S,90207208,22,PhD,,,,
,Troy,Paul,TroyPaul,*TroyPaul*321!,troy_Paul@alibaba.com,S9527188V,80731611,7,Master,,,,
,Keith,Stuart,KeithStuart,*KeithStuart*321!,keith_Stuart@hotmail.com,T0017467A,85988118,15,PhD,,,,
,Hector,Ernest,HectorErnest,*HectorErnest*321!,hector_Ernest@huawei.com,S9617675V,98395364,8,Bachelor,,,,
,George,Joe,GeorgeJoe,*GeorgeJoe*321!,george_Joe@hotmail.com,S7033999I,96560664,29,Bachelor,,,,
,Perry,Charlie,PerryCharlie,*PerryCharlie*321!,perry_Charlie@msn.com,S7934502Y,96169361,3,Professional Certification,,,,
,Roberto,Terry,RobertoTerry,*RobertoTerry*321!,roberto_Terry@hotmail.com,S8311972Y,83533004,12,PhD,,,,
,Peter,Shane,PeterShane,*PeterShane*321!,peter_Shane@alibaba.com,S7415875U,92634404,26,Master,,,,
,Everett,Martin,EverettMartin,*EverettMartin*321!,everett_Martin@alibaba.com,S8031765N,83200130,14,Bachelor,,,,
,Noel,Ron,NoelRon,*NoelRon*321!,noel_Ron@yahoo.com,S9527038O,90177065,8,PhD,,,,
,Harold,Everett,HaroldEverett,*HaroldEverett*321!,harold_Everett@alibaba.com,S7100641J,85410109,5,Master,,,,
,Gilbert,Peter,GilbertPeter,*GilbertPeter*321!,gilbert_Peter@yahoo.com,S8403515P,82734988,2,Professional Certification,,,,
,Ramon,Craig,RamonCraig,*RamonCraig*321!,ramon_Craig@yahoo.com,S9404917P,98564234,17,PhD,,,,
,Glen,Blake,GlenBlake,*GlenBlake*321!,glen_Blake@msn.com,S9528805T,88468997,20,PhD,,,,
,Tommy,Noel,TommyNoel,*TommyNoel*321!,tommy_Noel@hotmail.com,S9426261J,98384710,4,PhD,,,,
,Stuart,Troy,StuartTroy,*StuartTroy*321!,stuart_Troy@msn.com,S9327702R,81386915,29,PhD,,,,
,George,Jessie,GeorgeJessie,*GeorgeJessie*321!,george_Jessie@alibaba.com,T0008608O,87967124,4,Bachelor,,,,
,Gerald,Nathaniel,GeraldNathaniel,*GeraldNathaniel*321!,gerald_Nathaniel@yahoo.com,S9038982A,88960197,28,Master,,,,
,Stuart,Dave,StuartDave,*StuartDave*321!,stuart_Dave@yahoo.com,S9521515J,89264216,13,PhD,,,,
,Jimmy,Dave,JimmyDave,*JimmyDave*321!,jimmy_Dave@yahoo.com,T0015885X,85712880,26,Diploma,,,,
,Nathaniel,Wade,NathanielWade,*NathanielWade*321!,nathaniel_Wade@alibaba.com,S8821821U,84977539,24,Master,,,,
,Harold,Connor,HaroldConnor,*HaroldConnor*321!,harold_Connor@yahoo.com,S8600923M,89207905,28,Master,,,,
,Tommy,Harold,TommyHarold,*TommyHarold*321!,tommy_Harold@alibaba.com,S8517386E,82749780,27,Master,,,,
,Ted,Aaron,TedAaron,*TedAaron*321!,ted_Aaron@gmail.com,S8521647R,92577709,3,Diploma,,,,
,Romeo,Aaron,RomeoAaron,*RomeoAaron*321!,romeo_Aaron@gmail.com,S7030758B,85685738,1,Bachelor,,,,
,Robin,Philip,RobinPhilip,*RobinPhilip*321!,robin_Philip@msn.com,S9236821A,87000884,22,PhD,,,,
,Aidan,Hector,AidanHector,*AidanHector*321!,aidan_Hector@msn.com,S8424175Y,92627292,15,Professional Certification,,,,
,Roberto,Roberto,RobertoRoberto,*RobertoRoberto*321!,roberto_Roberto@huawei.com,S8000198Y,83350859,20,Master,,,,
,Roberto,Joey,RobertoJoey,*RobertoJoey*321!,roberto_Joey@alibaba.com,S7317973A,83645990,10,Master,,,,
,Shane,Gerald,ShaneGerald,*ShaneGerald*321!,shane_Gerald@gmail.com,S7231755P,91577389,19,Diploma,,,,
,Jorge,Harold,JorgeHarold,*JorgeHarold*321!,jorge_Harold@huawei.com,T0020833K,99801530,1,Diploma,,,,
,Stuart,Cedric,StuartCedric,*StuartCedric*321!,stuart_Cedric@huawei.com,S7318216C,98866054,30,Bachelor,,,,
,Nick,Joey,NickJoey,*NickJoey*321!,nick_Joey@yahoo.com,S8515232A,82776617,2,PhD,,,,
,Philip,Ricardo,PhilipRicardo,*PhilipRicardo*321!,philip_Ricardo@alibaba.com,S8118555O,83821067,27,Master,,,,
,Tommy,Fred,TommyFred,*TommyFred*321!,tommy_Fred@hotmail.com,S7407650V,80351354,28,Diploma,,,,
,Riley,Seth,RileySeth,*RileySeth*321!,riley_Seth@alibaba.com,S7636940K,92208339,14,Bachelor,,,,
,Alberto,Blake,AlbertoBlake,*AlbertoBlake*321!,alberto_Blake@alibaba.com,S9111473A,98345880,13,Master,,,,
,Lewis,Martin,LewisMartin,*LewisMartin*321!,lewis_Martin@huawei.com,S9433537G,94710074,18,Diploma,,,,
,Nathaniel,Craig,NathanielCraig,*NathanielCraig*321!,nathaniel_Craig@gmail.com,S8306327W,96608422,14,Professional Certification,,,,
,Mark,Christopher,MarkChristopher,*MarkChristopher*321!,mark_Christopher@huawei.com,S7311683W,94194017,28,Master,,,,
,Joe,Marion,JoeMarion,*JoeMarion*321!,joe_Marion@alibaba.com,S7731408X,84576495,5,Diploma,,,,
,Arthur,Gerald,ArthurGerald,*ArthurGerald*321!,arthur_Gerald@alibaba.com,S7831848Q,93809068,27,Bachelor,,,,
,Terry,Victor,TerryVictor,*TerryVictor*321!,terry_Victor@alibaba.com,S7319048B,94631312,14,Diploma,,,,
,Brian,Joe,BrianJoe,*BrianJoe*321!,brian_Joe@huawei.com,S8408269R,91827484,16,Diploma,,,,
,Liam,Alexis,LiamAlexis,*LiamAlexis*321!,liam_Alexis@msn.com,S8623278M,89828393,15,Diploma,,,,
,Hunter,Cedric,HunterCedric,*HunterCedric*321!,hunter_Cedric@hotmail.com,S7918406O,92467246,19,PhD,,,,
,Liam,Rick,LiamRick,*LiamRick*321!,liam_Rick@huawei.com,S7115847J,81934087,13,Professional Certification,,,,
,Cedric,Stefan,CedricStefan,*CedricStefan*321!,cedric_Stefan@alibaba.com,S9310904S,80866924,7,Professional Certification,,,,
,Shane,Miles,ShaneMiles,*ShaneMiles*321!,shane_Miles@gmail.com,S8402951O,80243842,5,Professional Certification,,,,
,Hunter,Shane,HunterShane,*HunterShane*321!,hunter_Shane@yahoo.com,S8313631D,92835705,23,Professional Certification,,,,
,Jerry,Dan,JerryDan,*JerryDan*321!,jerry_Dan@yahoo.com,S8800923H,87397655,25,Diploma,,,,
,Lewis,Seth,LewisSeth,*LewisSeth*321!,lewis_Seth@yahoo.com,S7310199D,92658718,21,Professional Certification,,,,
,Ernest,Kingston,ErnestKingston,*ErnestKingston*321!,ernest_Kingston@hotmail.com,S9131219D,80582978,26,Diploma,,,,
,Ernest,Glen,ErnestGlen,*ErnestGlen*321!,ernest_Glen@gmail.com,S8812874N,96517712,25,Professional Certification,,,,
,Adrian,Marshall,AdrianMarshall,*AdrianMarshall*321!,adrian_Marshall@yahoo.com,S9715274J,89999091,7,Diploma,,,,
,Miles,Riley,MilesRiley,*MilesRiley*321!,miles_Riley@huawei.com,S7923755M,98305032,27,Bachelor,,,,
,Conner,Roberto,ConnerRoberto,*ConnerRoberto*321!,conner_Roberto@huawei.com,S7912659G,89558321,15,PhD,,,,
,Craig,Marlin,CraigMarlin,*CraigMarlin*321!,craig_Marlin@alibaba.com,S7318429R,82261828,4,Bachelor,,,,
,Troy,Douglas,TroyDouglas,*TroyDouglas*321!,troy_Douglas@alibaba.com,S7106755T,93390608,20,Master,,,,
,Bruce,Blake,BruceBlake,*BruceBlake*321!,bruce_Blake@alibaba.com,S9128004B,99966723,5,Bachelor,,,,
,Ramon,Albert,RamonAlbert,*RamonAlbert*321!,ramon_Albert@hotmail.com,S9924114W,83214070,4,Diploma,,,,
,Everett,Clarence,EverettClarence,*EverettClarence*321!,everett_Clarence@alibaba.com,S8618506C,92298091,22,PhD,,,,
,Claude,Ricardo,ClaudeRicardo,*ClaudeRicardo*321!,claude_Ricardo@yahoo.com,S9010435Y,94860642,20,Diploma,,,,
,Keith,Brian,KeithBrian,*KeithBrian*321!,keith_Brian@msn.com,S8905727A,80849312,3,Master,,,,
,Antonio,Ted,AntonioTed,*AntonioTed*321!,antonio_Ted@alibaba.com,S7114376V,87234431,18,Diploma,,,,
,Marshall,Conner,MarshallConner,*MarshallConner*321!,marshall_Conner@msn.com,S7417498K,98352474,8,Bachelor,,,,
,Tristin,Glen,TristinGlen,*TristinGlen*321!,tristin_Glen@yahoo.com,T0038657G,97780808,12,Professional Certification,,,,
,Benjamin,Eli,BenjaminEli,*BenjaminEli*321!,benjamin_Eli@msn.com,S8421701P,99654726,25,Professional Certification,,,,
,Jessie,Orlando,JessieOrlando,*JessieOrlando*321!,jessie_Orlando@msn.com,S7037392X,90456053,12,Diploma,,,,
,Tommy,Alberto,TommyAlberto,*TommyAlberto*321!,tommy_Alberto@hotmail.com,S7616842M,96284073,27,PhD,,,,
,Sandy,Hector,SandyHector,*SandyHector*321!,sandy_Hector@gmail.com,S8817152U,88872050,3,Professional Certification,,,,
,Terry,Brian,TerryBrian,*TerryBrian*321!,terry_Brian@msn.com,S7300450L,90470495,19,Professional Certification,,,,
,Lewis,Orlando,LewisOrlando,*LewisOrlando*321!,lewis_Orlando@yahoo.com,S8012137R,98633697,16,Master,,,,
,Marion,Ernest,MarionErnest,*MarionErnest*321!,marion_Ernest@huawei.com,S7339144L,96387754,25,Professional Certification,,,,
,Johnny,Blake,JohnnyBlake,*JohnnyBlake*321!,johnny_Blake@gmail.com,S7710618X,99227218,5,Master,,,,
,Perry,Romeo,PerryRomeo,*PerryRomeo*321!,perry_Romeo@yahoo.com,S8135486I,91849963,9,Bachelor,,,,
,Benjamin,Stuart,BenjaminStuart,*BenjaminStuart*321!,benjamin_Stuart@yahoo.com,S9919014I,88512873,6,Master,,,,
,Perry,Nick,PerryNick,*PerryNick*321!,perry_Nick@yahoo.com,T0017833U,96783223,13,PhD,,,,
,Fred,Riley,FredRiley,*FredRiley*321!,fred_Riley@msn.com,S7135008A,90947336,7,Diploma,,,,
,Liam,Martin,LiamMartin,*LiamMartin*321!,liam_Martin@msn.com,S7126326W,84367015,2,Master,,,,
,Luka,Terry,LukaTerry,*LukaTerry*321!,luka_Terry@msn.com,S7035659K,94708486,9,Professional Certification,,,,
,Jerry,Julian,JerryJulian,*JerryJulian*321!,jerry_Julian@alibaba.com,S8005555P,84763101,14,Professional Certification,,,,
,Conner,Perry,ConnerPerry,*ConnerPerry*321!,conner_Perry@gmail.com,S9437146I,95688815,24,Master,,,,
,Milton,Jessie,MiltonJessie,*MiltonJessie*321!,milton_Jessie@hotmail.com,S7127602V,82974882,12,PhD,,,,
,Christopher,Tommy,ChristopherTommy,*ChristopherTommy*321!,christopher_Tommy@alibaba.com,S8327028F,98717013,15,PhD,,,,
,Scott,Antonio,ScottAntonio,*ScottAntonio*321!,scott_Antonio@msn.com,S8336136J,88730726,24,Professional Certification,,,,
,Orlando,Gerald,OrlandoGerald,*OrlandoGerald*321!,orlando_Gerald@yahoo.com,S7400971G,82856647,26,Master,,,,
,Glen,Riley,GlenRiley,*GlenRiley*321!,glen_Riley@msn.com,S9618852D,82335035,4,Diploma,,,,
,Keith,Luka,KeithLuka,*KeithLuka*321!,keith_Luka@huawei.com,S9737736H,86309452,21,Bachelor,,,,
,Sandy,Shane,SandyShane,*SandyShane*321!,sandy_Shane@msn.com,S7422279B,95013151,22,PhD,,,,
,Joey,Aidan,JoeyAidan,*JoeyAidan*321!,joey_Aidan@msn.com,S8507239T,84598522,17,Professional Certification,,,,
,Kingston,Ramon,KingstonRamon,*KingstonRamon*321!,kingston_Ramon@alibaba.com,S8729705Q,97596473,9,PhD,,,,
,Troy,George,TroyGeorge,*TroyGeorge*321!,troy_George@hotmail.com,S7411632A,81460778,12,Master,,,,
,Brian,Lewis,BrianLewis,*BrianLewis*321!,brian_Lewis@msn.com,S9700123R,97560432,19,PhD,,,,
,Blake,Riley,BlakeRiley,*BlakeRiley*321!,blake_Riley@yahoo.com,S9305711R,99571157,15,Bachelor,,,,
,Seth,Paul,SethPaul,*SethPaul*321!,seth_Paul@msn.com,S9033690K,89228987,5,Diploma,,,,
,Greyson,Charlie,GreysonCharlie,*GreysonCharlie*321!,greyson_Charlie@huawei.com,S7917875R,92802208,24,PhD,,,,
,Christopher,Terry,ChristopherTerry,*ChristopherTerry*321!,christopher_Terry@huawei.com,S7820326S,86038711,4,Professional Certification,,,,
,Marshall,Arthur,MarshallArthur,*MarshallArthur*321!,marshall_Arthur@huawei.com,S9531102Y,91268111,12,Diploma,,,,
,Nathaniel,Tristin,NathanielTristin,*NathanielTristin*321!,nathaniel_Tristin@huawei.com,S8909744O,83251196,17,Bachelor,,,,
,Ron,Jerry,RonJerry,*RonJerry*321!,ron_Jerry@hotmail.com,S7336518O,83957324,29,Professional Certification,,,,
,Marion,Ivan,MarionIvan,*MarionIvan*321!,marion_Ivan@huawei.com,S7624023V,95208517,8,Master,,,,
,Martin,Conner,MartinConner,*MartinConner*321!,martin_Conner@yahoo.com,S9110216W,83101358,27,Bachelor,,,,
,Gerald,Harvey,GeraldHarvey,*GeraldHarvey*321!,gerald_Harvey@msn.com,S7321777L,88152261,18,Diploma,,,,
,Joey,Harvey,JoeyHarvey,*JoeyHarvey*321!,joey_Harvey@yahoo.com,S8026567A,92592053,5,Bachelor,,,,
,Johnny,Luka,JohnnyLuka,*JohnnyLuka*321!,johnny_Luka@msn.com,S7034363T,98461207,27,PhD,,,,
,Aidan,Albert,AidanAlbert,*AidanAlbert*321!,aidan_Albert@yahoo.com,S7235761G,99962810,5,PhD,,,,
,Nick,Lewis,NickLewis,*NickLewis*321!,nick_Lewis@hotmail.com,S9827502Q,91936282,10,PhD,,,,
,Terry,Gilbert,TerryGilbert,*TerryGilbert*321!,terry_Gilbert@msn.com,S7024762F,86285088,19,Diploma,,,,
,Christopher,Blake,ChristopherBlake,*ChristopherBlake*321!,christopher_Blake@hotmail.com,S8635988T,90811839,10,Bachelor,,,,
,Wade,Perry,WadePerry,*WadePerry*321!,wade_Perry@gmail.com,S7517773N,89784371,15,PhD,,,,
,Luka,Harold,LukaHarold,*LukaHarold*321!,luka_Harold@gmail.com,S9823135G,91693456,22,PhD,,,,
,Jaime,Neil,JaimeNeil,*JaimeNeil*321!,jaime_Neil@msn.com,S9917847S,98183319,3,PhD,,,,
,Douglas,Stuart,DouglasStuart,*DouglasStuart*321!,douglas_Stuart@hotmail.com,T0035833H,99196854,12,Professional Certification,,,,
,Terry,Ethan,TerryEthan,*TerryEthan*321!,terry_Ethan@hotmail.com,S9722019O,99091244,14,Master,,,,
,Joshua,Troy,JoshuaTroy,*JoshuaTroy*321!,joshua_Troy@yahoo.com,S7328902O,81244823,13,Professional Certification,,,,
,Seth,Craig,SethCraig,*SethCraig*321!,seth_Craig@huawei.com,S9619087F,85066898,24,Master,,,,
,Ramon,Stuart,RamonStuart,*RamonStuart*321!,ramon_Stuart@alibaba.com,S7004275I,88911173,11,Master,,,,
,Victor,Ricardo,VictorRicardo,*VictorRicardo*321!,victor_Ricardo@msn.com,S7215976T,84642705,22,Professional Certification,,,,
,Milton,Albert,MiltonAlbert,*MiltonAlbert*321!,milton_Albert@alibaba.com,S7837718M,85335673,10,Diploma,,,,
,Troy,Shane,TroyShane,*TroyShane*321!,troy_Shane@yahoo.com,S9234585Y,83691942,2,Professional Certification,,,,
,Robin,Alexis,RobinAlexis,*RobinAlexis*321!,robin_Alexis@alibaba.com,S7326657B,84508388,21,Master,,,,
,Alexis,Lewis,AlexisLewis,*AlexisLewis*321!,alexis_Lewis@huawei.com,S7819263M,85877840,23,Professional Certification,,,,
,Scott,Bruce,ScottBruce,*ScottBruce*321!,scott_Bruce@huawei.com,S9626918I,86835624,17,Bachelor,,,,
,Joshua,Nick,JoshuaNick,*JoshuaNick*321!,joshua_Nick@msn.com,S7411956A,94248038,26,Bachelor,,,,
,Conner,Philip,ConnerPhilip,*ConnerPhilip*321!,conner_Philip@huawei.com,S7508768C,83957548,20,Bachelor,,,,
,Luka,Albert,LukaAlbert,*LukaAlbert*321!,luka_Albert@gmail.com,S7202465M,99762318,8,Bachelor,,,,
,Antonio,Robin,AntonioRobin,*AntonioRobin*321!,antonio_Robin@gmail.com,S8529381K,90884596,25,Diploma,,,,
,Jessie,Jaime,JessieJaime,*JessieJaime*321!,jessie_Jaime@gmail.com,S8604424F,87969719,29,Professional Certification,,,,
,Romeo,Ted,RomeoTed,*RomeoTed*321!,romeo_Ted@hotmail.com,S8530207D,94499104,30,Diploma,,,,
,Dan,Milton,DanMilton,*DanMilton*321!,dan_Milton@msn.com,S8205881Q,95894997,3,Master,,,,
,Sandy,Douglas,SandyDouglas,*SandyDouglas*321!,sandy_Douglas@huawei.com,S1009861K,93243620,19,PhD,,,,
,Lewis,Hunter,LewisHunter,*LewisHunter*321!,lewis_Hunter@hotmail.com,S8301703C,84020265,16,Bachelor,,,,
,Jaime,Mark,JaimeMark,*JaimeMark*321!,jaime_Mark@yahoo.com,S9704492A,82714617,4,Bachelor,,,,
,Carlos,Milton,CarlosMilton,*CarlosMilton*321!,carlos_Milton@alibaba.com,S9236208R,99361031,21,Professional Certification,,,,
,Neil,Johnny,NeilJohnny,*NeilJohnny*321!,neil_Johnny@yahoo.com,S7329594Q,95254393,12,Master,,,,
,Stuart,Harvey,StuartHarvey,*StuartHarvey*321!,stuart_Harvey@huawei.com,S7513335B,85006699,21,PhD,,,,
,Luka,Troy,LukaTroy,*LukaTroy*321!,luka_Troy@yahoo.com,S7609779R,99023432,19,Diploma,,,,
,Stefan,Morris,StefanMorris,*StefanMorris*321!,stefan_Morris@gmail.com,S7321103E,81498597,30,Master,,,,
,Scott,Christopher,ScottChristopher,*ScottChristopher*321!,scott_Christopher@yahoo.com,S7534145W,92581237,29,PhD,,,,
,Hunter,Perry,HunterPerry,*HunterPerry*321!,hunter_Perry@huawei.com,T0021091T,80135404,14,Professional Certification,,,,
,Benjamin,Ron,BenjaminRon,*BenjaminRon*321!,benjamin_Ron@msn.com,S9119374C,95747178,9,PhD,,,,
,Keith,Harold,KeithHarold,*KeithHarold*321!,keith_Harold@huawei.com,S8403443I,93119729,6,Bachelor,,,,
,Stuart,Ted,StuartTed,*StuartTed*321!,stuart_Ted@huawei.com,S8302493K,89413812,25,Diploma,,,,
,Sebastian,Troy,SebastianTroy,*SebastianTroy*321!,sebastian_Troy@gmail.com,S9727537S,86996125,4,Diploma,,,,
,Ted,Perry,TedPerry,*TedPerry*321!,ted_Perry@huawei.com,S8226419D,98902590,21,Professional Certification,,,,
,Wiley,Ricardo,WileyRicardo,*WileyRicardo*321!,wiley_Ricardo@hotmail.com,T0008084L,88179693,12,Professional Certification,,,,
,Johnny,George,JohnnyGeorge,*JohnnyGeorge*321!,johnny_George@msn.com,S7807950A,93372608,24,Diploma,,,,
,Wade,Rick,WadeRick,*WadeRick*321!,wade_Rick@yahoo.com,S8138300Y,93917981,30,PhD,,,,
,Cedric,Victor,CedricVictor,*CedricVictor*321!,cedric_Victor@alibaba.com,S9414777R,82104700,24,Professional Certification,,,,
,Connor,Ricardo,ConnorRicardo,*ConnorRicardo*321!,connor_Ricardo@huawei.com,S7235083K,89651783,10,Bachelor,,,,
,Blake,Kingston,BlakeKingston,*BlakeKingston*321!,blake_Kingston@msn.com,S7538762Q,96081429,9,PhD,,,,
,Scott,Brian,ScottBrian,*ScottBrian*321!,scott_Brian@yahoo.com,S8901399W,86687340,3,Professional Certification,,,,
,Tommy,Cedric,TommyCedric,*TommyCedric*321!,tommy_Cedric@alibaba.com,S9408988M,88744570,27,Master,,,,
,Tristin,Jaime,TristinJaime,*TristinJaime*321!,tristin_Jaime@yahoo.com,S7912857A,94164259,26,Professional Certification,,,,
,Hector,Claude,HectorClaude,*HectorClaude*321!,hector_Claude@huawei.com,S8801992L,86144966,8,Diploma,,,,
,Ernest,Lewis,ErnestLewis,*ErnestLewis*321!,ernest_Lewis@gmail.com,S9608783G,86656768,23,Professional Certification,,,,
,Troy,Marlin,TroyMarlin,*TroyMarlin*321!,troy_Marlin@alibaba.com,T0001888R,88429690,6,Professional Certification,,,,
,Harold,Samuel,HaroldSamuel,*HaroldSamuel*321!,harold_Samuel@huawei.com,S9735477E,88333130,16,Bachelor,,,,
,Craig,Stefan,CraigStefan,*CraigStefan*321!,craig_Stefan@gmail.com,S8237713X,99247210,24,Bachelor,,,,
,Kingston,Liam,KingstonLiam,*KingstonLiam*321!,kingston_Liam@alibaba.com,S7738758C,94958058,16,PhD,,,,
,Claude,Antonio,ClaudeAntonio,*ClaudeAntonio*321!,claude_Antonio@hotmail.com,T0006697J,99349655,19,Professional Certification,,,,
,Perry,Joey,PerryJoey,*PerryJoey*321!,perry_Joey@huawei.com,S9320393S,84169376,24,Diploma,,,,
,Craig,George,CraigGeorge,*CraigGeorge*321!,craig_George@hotmail.com,S7236926M,80136872,5,Master,,,,
,Rick,Bruce,RickBruce,*RickBruce*321!,rick_Bruce@hotmail.com,S9827680Q,91391582,30,Professional Certification,,,,
,Arthur,Ramon,ArthurRamon,*ArthurRamon*321!,arthur_Ramon@huawei.com,S9433943I,85860332,8,Professional Certification,,,,
,Greyson,Keith,GreysonKeith,*GreysonKeith*321!,greyson_Keith@alibaba.com,S9730163W,80507433,18,Master,,,,
